"","Team","Wins","Losses","Competition Level","Gender Division","City","State","Links","Index","Rating"
"1","Sockeye",11,3,"Club","Men","Seattle","WA","/teams/events/Eventteam/?TeamId=nLV6BNojqM3Jln3k%2bPjf6l8JebYv7DpGw3aBieBXkWQ%3d",240,60.9644140928644
"2","Revolver",11,2,"Club","Men","San Francisco","CA","/teams/events/Eventteam/?TeamId=fn46UKAFqMQu4al4CM3PRJdSxtda9UycrHYWmN22f3w%3d",203,52.2091361343619
"3","Truck Stop",10,3,"Club","Men","Washington","DC","/teams/events/Eventteam/?TeamId=GlZmN2k2HxVu0P1LIZU2Fj4uMb1C2R9DheSG6aVOGBA%3d",271,19.8091643662736
"4","Ironside",13,6,"Club","Men","Boston","MA","/teams/events/Eventteam/?TeamId=%2bSUfrgoltBmV2%2bdmQfg34xSS4wdzXWNVd5wZMF6P5Cg%3d",138,17.8211361484743
"5","Beach Boys USA",6,0,"Beach","Men","Lots of Cities","WA","/teams/events/Eventteam/?TeamId=XqYNM%2b4vfu0O35zQ8xab2IMPYgrWb0fmcZvyxKH3QpA%3d",16,14.4611055151357
"6","HIGH FIVE",8,6,"Club","Men","Ohio","MI","/teams/events/Eventteam/?TeamId=sOVWbibsDCXnU0MbzmrKJnOZWFVnKh1rgFwbtpzIVWA%3d",125,13.3253901017487
"7","Ring of Fire",5,2,"Club","Men","Raleigh","NC","/teams/events/Eventteam/?TeamId=LOeSLHPk%2f3Rvxd09lpfuSIQ%2bHRiDNk%2fHcFbSmSR6zZ8%3d",206,11.3154241314628
"8","Johnny Bravo",8,5,"Club","Men","Denver","CO","/teams/events/Eventteam/?TeamId=YcB%2bMxeL23ZPIj2NpWeEcARylQQ%2bTblm%2fkARdbjNXz0%3d",143,9.50698946125998
"9","Patrol",7,6,"Club","Men","Philadelphia","PA","/teams/events/Eventteam/?TeamId=htx5aQWPiNwx9iv%2bpcBgQMN3RgXCXTrUgLax%2fcLHAzE%3d",180,9.15020826680697
"10","Dig",6,0,"Club","Men","Boston","MA","/teams/events/Eventteam/?TeamId=Dzhy%2fP4l1AkN%2baNOOVXQIFcuTLuLT2fj6Y5JGRaE5Ks%3d",80,8.84225035434373
"11","Rhino",9,4,"Club","Men","Portland","OR","/teams/events/Eventteam/?TeamId=Y%2fxYChpuTSQxNxhI9aVaqALPQNQ7fN6exClWhQOysuM%3d",204,5.65145971352657
"12","Sub Zero",3,4,"Club","Men","Minneapolis","MN","/teams/events/Eventteam/?TeamId=LyCRgAI6nBt10H3%2fep8iZFymshbgTGNCYR6Z8fX4hu4%3d",251,5.27539919020846
"13","PoNY",3,3,"Club","Men","New York","NY","/teams/events/Eventteam/?TeamId=CS%2b50CwPTL4OiMctJQSiTdljaiSuQAmDAIsGOnlcl%2bw%3d",186,4.43430187882458
"14","Doublewide",4,3,"Club","Men","Austin","TX","/teams/events/Eventteam/?TeamId=9zm2hW3MY%2finB61r3OorJx9EB1XAvgqiDf8icaBAnn4%3d",83,3.37259224771955
"15","CUS Bologna",1,6,"Club","Men","Bologna","Emilia Romagna","/teams/events/Eventteam/?TeamId=0WDf4WWhPIMr0A0f%2f4dofOM%2fHH%2bi4Qd9HgcK1MWuCKM%3d",70,2.98181719478659
"16","Florida United",6,0,"Club","Men","Florida","FL","/teams/events/Eventteam/?TeamId=BMlPTy%2bPzGSPqU3zFgHcSezwdIlsj6nZeo3ivtWKN50%3d",95,2.74701989352506
"17","USA Beach Masters",6,1,"Beach","Men","Everywhere","UM","/teams/events/Eventteam/?TeamId=Nx8%2f6R4o6J3Jm86qrjVmpRCR%2bV5yyQmr%2fh7C2LRwNbA%3d",276,2.72238113850488
"18","Chain Lightning",7,5,"Club","Men","Atlanta","GA","/teams/events/Eventteam/?TeamId=RqrRBpAINVrLozzmBjaiZUno3AGEponAB%2bkb615xFdY%3d",51,2.71061552637438
"19","Grand M.U.S.A",4,2,"Beach Grand Masters","Men","USA","DC","/teams/events/Eventteam/?TeamId=MJZZZtKL3Vn178qfJMg9dthsPHPxdFmWwltnarmlevc%3d",111,2.39517840182901
"20","Guerrilla",2,5,"Club","Men","Oakland","CA","/teams/events/Eventteam/?TeamId=x3C13KT%2fFu5Rm5Ah95mu1UIIYIokej%2f1y%2f2tl6F5jHc%3d",119,2.18575002724464
"21","Clapham Ultimate",2,5,"Club","Men","London","UK","/teams/events/Eventteam/?TeamId=njqXAsERhWcgCTTiGdfONEyLUDTfbleeW%2btK6pA2jV0%3d",57,2.07434343522632
"22","Chicago Machine",2,4,"Club","Men","Chicago","IL","/teams/events/Eventteam/?TeamId=FlSNdyuw316eIBmyPOnE3cq9RphUqMKedbk%2fXxp5GRI%3d",53,1.85024064876801
"23","Medicine Men",10,3,"Club","Men","Baltimore","MD","/teams/events/Eventteam/?TeamId=BHltHXwXEnNrYwUA6iprHaqmD0vD6c9cgxPwRj7XxoY%3d",156,1.48757624886542
"24","Freaks",18,2,"Club","Men","Huntsville","AL","/teams/events/Eventteam/?TeamId=SmluFkaYhhipZU1c62fJbigvEczBQrg67fRIrmI9qmU%3d",99,1.46877616363796
"25","Richmond Floodwall",15,4,"Club","Men","Richmond","VA","/teams/events/Eventteam/?TeamId=bebdvt4%2bO24X6mpitK1G%2fUXNX4cIEqf94qEgxqZ4c9s%3d",205,1.43853519898549
"26","Santa Gnarbrah",4,2,"Beach","Men","Santa Barbara","CA","/teams/events/Eventteam/?TeamId=OSbyC9U86gV5xChfb9HKf%2fc1RncX2R%2bGewsfPgpt3W4%3d",219,1.2847690540818
"27","Sprawl",7,0,"Club","Men","Phoenix","AZ","/teams/events/Eventteam/?TeamId=vO3YwV%2bf9XTVNyOXBMqCiYkm8VEdoMHMqFKiVDaiz1U%3d",247,1.17708660628707
"28","SoCal Condors",6,0,"Club","Men","Calico","CA","/teams/events/Eventteam/?TeamId=NlsAuSglWyT7OIZyfNLfcXj1HjZcsy8%2bhqmbN7s0jeM%3d",239,1.145963484162
"29","Voodoo",6,1,"Club","Men","Seattle","WA","/teams/events/Eventteam/?TeamId=gxZjj03zqJmPTGOSwBElVcgCbpyFUrFyGU5sJ9dmWfU%3d",279,1.10802232274779
"30","GOAT",4,2,"Club","Men","Toronto","Ontario","/teams/events/Eventteam/?TeamId=VS518Hjv%2bvf0wRYxOnX8%2fn%2fZ2ZnUf6owxnyF6C%2b8Mvg%3d",108,1.10271892138427
"31","Furious George",1,5,"Club","Men","Vancouver","BC","/teams/events/Eventteam/?TeamId=%2bG16%2bOnOtJcLrQTA1UfJdUEeagqS3nhlc05DWhhbEhY%3d",100,0.988158034268693
"32","Pittsburgh Temper",5,2,"Club","Men","Pittsburgh","PA","/teams/events/Eventteam/?TeamId=dpW9OTY3r8hjCZdNLtAb8BYTbaQ%2frUquSkdVaOtdasg%3d",183,0.948379838995299
"33","Prairie Fire",4,9,"Club","Men","Kansas City","KS","/teams/events/Eventteam/?TeamId=YXqgTuMM0FvcwBUpx2KI5NQZf%2feVMwXoj3lq%2fiCwKIg%3d",188,0.914882127900419
"34","Mad Men",16,5,"Club","Men","Madison","WI","/teams/events/Eventteam/?TeamId=qSMSWJjslpLBOlIDPqmO1szIiizo9sB1WgWkcriG7o4%3d",152,0.901241921166187
"35","Madison Club",1,5,"Club","Men","Madison","WI","/teams/events/Eventteam/?TeamId=hNa%2ffB9yEdAQ3yuH0VvgCMcphqyTjvPDb88N5DAVCDw%3d",153,0.860058138420224
"36","Inception",9,3,"Club","Men","Denver","CO","/teams/events/Eventteam/?TeamId=6x4u8PXP3bJOE1my%2f58zQB1agYlhEbSkcZHq%2fFX%2bIjE%3d",135,0.837123797089577
"37","Stealth",4,3,"Beach","Men","Los Angeles","CA","/teams/events/Eventteam/?TeamId=aZeI%2fLcyjPwk9UsTtHAHX%2bXgg8AC83Ok%2fQWZJ1hyzsU%3d",249,0.829321488833497
"38","Inside Rakete",0,7,"Club","Men","Darmstadt","Hesse","/teams/events/Eventteam/?TeamId=omrYeEJW7C%2f4MlW77yo7cLneiUaHkoVRFqqtWw1PO7I%3d",136,0.816104333906704
"39","AND THE WARHAWKS",7,1,"Beach","Men","Cambridge","MA","/teams/events/Eventteam/?TeamId=x5kc%2b3vtMYkzLAeyPP9ssL7y9TT2UC6uuun1rfYT3ws%3d",11,0.730438990480178
"40","Garden State Ultimate",19,8,"Club","Men","Princeton","NJ","/teams/events/Eventteam/?TeamId=ux3aX%2f02QOe8bJrKH8TS7LSKyTV%2fdDH8Cdoc5f8k1l4%3d",102,0.695187389109081
"41","Bayonet",10,5,"Beach","Men","San Francisco","CA","/teams/events/Eventteam/?TeamId=bU4fNYBGWpeapAHbc4nW21610F6%2fkxvSF7I6irjjLTA%3d",15,0.618863377778951
"42","Brickyard",10,4,"Club","Men","Indianapolis","IN","/teams/events/Eventteam/?TeamId=uhzpQ7vUas8mH2WTLwmjURH1I%2f0LO6w3be6e0AOCu%2fk%3d",41,0.588293343137218
"43","Streetgang",5,2,"Club","Men","San Diego","CA","/teams/events/Eventteam/?TeamId=gE95aKKb2uQtbipzEvfM5OA6Pe552C%2fZlb5ImlZH2io%3d",250,0.533471689738244
"44","Turbine",10,8,"Club","Men","Durham","NC","/teams/events/Eventteam/?TeamId=EH1CK6NosIKx22ic0LUl0FG441FAhh3Q6vT1fOEFFR4%3d",272,0.494452416362525
"45","Illusion",17,4,"Club","Men","Iowa City","IA","/teams/events/Eventteam/?TeamId=y1AfEts6FHksGYmutCSa0v1uTlxezuPaXGoMk4Y4fek%3d",133,0.460993729020644
"46","Smokestack",8,5,"Club","Men","Cleveland","OH","/teams/events/Eventteam/?TeamId=ahLMqHpnZleviz%2bLW6gjQba%2bSsbQheI5B9GZ9YXXb0I%3d",237,0.452288592512672
"47","Black Market",14,7,"Club","Men","Lombard","IL","/teams/events/Eventteam/?TeamId=ppiulyNg%2bWp40A7OUr4%2fn56VsrEagpr%2frSvXZAzdXsI%3d",26,0.422618218234988
"48","Lost Boys",13,7,"Club","Men","South Carolina","SC","/teams/events/Eventteam/?TeamId=r%2fjg2Ka2mmCiY1PFFnTG1ptqmeYc7hu8mSoPZM4ChK0%3d",150,0.3979916793662
"49","Ironmen",12,8,"Club","Men","Birmingham","AL","/teams/events/Eventteam/?TeamId=ixojQHEa2aDfdiIaXy6uWDZnC%2fMPbcCLbQSKN2heqlU%3d",137,0.389928061318284
"50","Cash Crop",7,3,"Club","Men","Triangle","NC","/teams/events/Eventteam/?TeamId=GUWdBIEvjn9ibFBfnenWYJ8DpgqqfHsNT22lr60H79A%3d",47,0.317352329738814
"51","General Strike",4,3,"Club","Men","Winnipeg","Manitoba","/teams/events/Eventteam/?TeamId=7yJN%2bx7iN7NghMY36lhN7Hmq4Q8wNIAGHp071nxCWug%3d",104,0.287282188374195
"52","Beachfront Property",11,17,"Club","Men","Chicago","IL","/teams/events/Eventteam/?TeamId=2AG7CFcBbp%2fvzznq%2fsMDAXW%2bJ%2fNP5LJXughZfI3Ka5I%3d",18,0.268391176278131
"53","Trollvolver",6,1,"Beach","Men","Philadelphia","PA","/teams/events/Eventteam/?TeamId=mfRrxwuJ%2bcXjZH3hyfIN8IW8PtAYRm9ukLcU6xLj82A%3d",270,0.262610071355812
"54","Surly",6,0,"Grand Masters","Men","Minneapolis","MN","/teams/events/Eventteam/?TeamId=Q%2fUZnZEJqH3xlTzk7Y532MiJP%2bXGby3pS%2bWxnpr3iv4%3d",256,0.25185026711795
"55","Johnny Walker",15,2,"Grand Masters","Men","Denver/Boulder","CO","/teams/events/Eventteam/?TeamId=tk5KKvlKrHZSc0tlRIeW%2flmk6BM9MgrJqaXjUzaKVyc%3d",145,0.249859189208255
"56","Moms Spaghetti-Upper",1,6,"Beach","Men","Temecula","CA","/teams/events/Eventteam/?TeamId=Xc7WzeEMJzyn4Ih4dE7whI9iMyjy%2bu4E7pvChQTIIZA%3d",162,0.22940334011188
"57","Johnny Encore",14,2,"Masters","Men","Denver","CO","/teams/events/Eventteam/?TeamId=gUDLkhZQuvONuprlCCNaPFd43Sr%2bDC5HqUZK5K64hHs%3d",144,0.210170864592166
"58","Bullet",11,14,"Club","Men","Atlanta","GA","/teams/events/Eventteam/?TeamId=bNPWBAZb4soUfVf4CdZoTmkOKZtHB%2fSab%2bF5jGNb3FA%3d",45,0.18413236198659
"59","John Doe",4,7,"Club","Men","Washington","DC","/teams/events/Eventteam/?TeamId=DjthR3%2fqhbbsaK8zPrgLB7LsM6liBhaVID8hrp%2f4584%3d",142,0.173118302154401
"60","Haymaker",7,8,"Club","Men","Chicago","IL","/teams/events/Eventteam/?TeamId=X4VT2m%2f2Z9CiauLEdOJgqWSwxtPV81ES1vPCkoXdo%2bg%3d",123,0.160305830557236
"61","MKE",10,4,"Club","Men","Milwaukee","WI","/teams/events/Eventteam/?TeamId=DX5A16RG253us9J9ZQ4XbC7K4DBu2fuID7aHc333jws%3d",161,0.158161547138743
"62","CITYWIDE Special",8,7,"Club","Men","Philadelphia","PA","/teams/events/Eventteam/?TeamId=Ha0SdVEMdm1srp%2fPZPnDT9gyeRoh%2by%2bUV3r%2fdQs3RPE%3d",56,0.154144362846043
"63","Rush Hour",12,9,"Club","Men","Atlanta","GA","/teams/events/Eventteam/?TeamId=heJRBcyPI3Iqzgv82vfA2GJDYkFz3PTAb%2bKHJczAtbI%3d",213,0.146985185150363
"64","Oakgrove Boys",6,6,"Club","Men","ARLINGTON","VA","/teams/events/Eventteam/?TeamId=7IAn1HrIONLEonr5YBSZQigOjGn4VCY7aJy55W1ZVrI%3d",169,0.131128583862397
"65","Blueprint",13,8,"Club","Men","NYC","NY","/teams/events/Eventteam/?TeamId=w6IR7%2bBmHGR2lXnGyHNsoxmz%2b753jB4YB8%2bfltiGKdM%3d",34,0.12213386770682
"66","Phoenix",2,4,"Club","Men","Ottawa, ON","Ontario","/teams/events/Eventteam/?TeamId=5n%2fmLngMNCQzAun07%2bqPjA%2flOBKzlmOLM4mIzW8o1Sc%3d",182,0.116403719122545
"67","Omen",16,6,"Club","Men","Orlando","FL","/teams/events/Eventteam/?TeamId=VK44Es8rJ2HU1mIvhlnr61oGbPwg1Gkm1WJpn0wtlhM%3d",174,0.107959354335234
"68","Colt",9,4,"Club","Men","Southington","CT","/teams/events/Eventteam/?TeamId=VwxMI2FJdi0W%2b7zL6JkhA%2brCZpS4L%2fdKB6jCSNVnCSk%3d",63,0.105813411853786
"69","Sundowners",4,3,"Club","Men","Santa Barbara","CA","/teams/events/Eventteam/?TeamId=tuv7fCWA5Gs0XoRRsY18%2fs3NIqLZKCZGeXooOUHLAak%3d",252,0.104923431943777
"70","No Country",15,2,"Grand Masters","Men","Brattleboro","VT","/teams/events/Eventteam/?TeamId=1HGhhL72ly693JeA89Tzbp4vZPKQfZWAhp2kk3Y9vuA%3d",168,0.102971977049428
"71","CaSTLe",6,9,"Club","Men","St. Louis","MO","/teams/events/Eventteam/?TeamId=rD9UoNKD8oQGc6S54qIJmv3iZpFw3z59N%2fp%2bbC9nBEQ%3d",48,0.102593617277815
"72","'Merica",6,0,"Beach Grand Masters","Men","San Francisco","CA","/teams/events/Eventteam/?TeamId=39Ke2121odh9TO1oSVmSfmQBpZTKcH%2feGa%2bvXNqBKQs%3d",1,0.0989064568284239
"73","Pesterbug",14,5,"Club","Men","Pawtucket","RI","/teams/events/Eventteam/?TeamId=c90mn6NybhRPwsT3hVadwKEm%2biWl6k5ij%2fYbBU0PQGw%3d",181,0.0928798638942941
"74","Big Wrench",5,8,"Club","Men","Somerville","MA","/teams/events/Eventteam/?TeamId=5Ei8tPKgWEW74si%2fKzrjD%2fHkMQj%2bx9ZAqIPUDkiyZ4c%3d",22,0.0926244229426359
"75","Choice City Hops",6,6,"Club","Men","Fort Collins","CO","/teams/events/Eventteam/?TeamId=uhkNn1dQ5vpIKxAQDxAspxLUjlllVs6CR0clBUjS5xE%3d",55,0.0920199729332388
"76","Rougaroux",9,6,"Club","Men","Baton Rouge/New Orleans","LA","/teams/events/Eventteam/?TeamId=aqS%2bjuv3y4I%2bKecGWJGqnTiiva87V2Q96CdDSiqx0hM%3d",210,0.0907655509242304
"77","Seltzbros",1,6,"Beach","Men","Flagstaff","AZ","/teams/events/Eventteam/?TeamId=CLdN1Kjut8AlZkTxfAYiV98CM9VwB%2bXkDANNYmUabPc%3d",225,0.08825109387326
"78","Sandblast",7,1,"Beach Grand Masters","Men","Chicago","IL","/teams/events/Eventteam/?TeamId=pfWfm3LpZJAx4l1FXGDmVf%2f5Elt7fHlIKXVQabo9WgM%3d",218,0.0855911939928096
"79","Detox",2,4,"Beach","Men","Los Angeles","CA","/teams/events/Eventteam/?TeamId=h2No8b2Ub%2fwP4GRZ93%2fBCtKHBm6I%2fJC5a49PReNgTso%3d",79,0.0847663696917359
"80","Cerberus",12,14,"Club","Men","Athens","GA","/teams/events/Eventteam/?TeamId=%2fYUcOiV98Py5FYtaORlPvu3X2kyfaaS6zVEVI%2frTxPE%3d",50,0.0847202222232367
"81","Imperial",7,8,"Club","Men","Saint Paul","MN","/teams/events/Eventteam/?TeamId=cF0afyVmtsv9ARJyrQjxfcCOHGCaMCeRtXsckh2i4UM%3d",134,0.0846987515244417
"82","Shadows",9,2,"Grand Masters","Men","Oakland","CA","/teams/events/Eventteam/?TeamId=%2f0aryj5clLXlP3I8G1dVpPX3uKI25CenEa8V0el%2bXTQ%3d",227,0.0823648624246315
"83","Wisconsin Hops",7,8,"Club","Men","Stevens Point","WI","/teams/events/Eventteam/?TeamId=Z9DSTeK9ZvxSpSNhevJDRYL4ZgehKeLqWNj2fcb9R2A%3d",285,0.0809329540866105
"84","AMPersand",6,2,"Beach","Men","Philadelphia","PA","/teams/events/Eventteam/?TeamId=zx9f22wMV1MdsmfxAYW%2fG6q8q4WcJKMbf6VapiHuKKc%3d",10,0.077624438052434
"85","Bruises",14,5,"Club","Men","Boston","MA","/teams/events/Eventteam/?TeamId=zlTbCsb9k7Mm%2fCKtHeasnyjrfJGJtqwJ%2b3RWpHsSUaE%3d",44,0.0739950189816343
"86","Dallas United: Desperados",6,7,"Club","Men","Dallas","TX","/teams/events/Eventteam/?TeamId=1LuW3nQiRWP2wKMl0GILRX3QBg2EcN7QffDApZeQFNY%3d",71,0.0731212309943904
"87","Enigma",8,12,"Club","Men","Dayton","OH","/teams/events/Eventteam/?TeamId=yzx0X%2fzaZUGy1CsdT6QcKZhxEdLQIfn3FIRuW7OF%2br0%3d",92,0.0727341110115672
"88","JAWN",8,10,"Club","Men","Philadelphia","PA","/teams/events/Eventteam/?TeamId=4ivh8ef2Ys6fVjucsjk%2f4H2GmQPu45wEERY8YtimxqM%3d",140,0.0709617042324249
"89","Brickhouse",4,2,"Club","Men","Durham","NC","/teams/events/Eventteam/?TeamId=aGq3jL4BzEM3o6HCpp5KKVJSjfvrXx6fcoeiG%2fzqTBQ%3d",40,0.0703343661372143
"90","The Killjoys",2,5,"Club","Men","Orem","UT","/teams/events/Eventteam/?TeamId=OFYP6a09nHxGP0tsE39eAEUgiaO%2fSc01sH9kHGKn8xI%3d",263,0.0701835049934339
"91","Kentucky Flying Circus",12,7,"Club","Men","Louisville","KY","/teams/events/Eventteam/?TeamId=IBN1T%2b7wO7qaOTjqFr66GAlsyyf6d7sTEMf0gtw8%2bYw%3d",148,0.0686389119904623
"92","Singlewide",8,1,"Club","Men","Austin","TX","/teams/events/Eventteam/?TeamId=AdRvcSkJiTkyYnmlzAAgefg%2fa70fQ5scCpEzQZa6gMQ%3d",234,0.0677811079008682
"93","Endless Sunset",10,8,"Grand Masters","Men","San Diego","CA","/teams/events/Eventteam/?TeamId=A2vXvi7Tuujmh00ZNUNriU7E7smpwiyABUcjiUKmjq0%3d",90,0.0670654658918975
"94","Four",7,6,"Club","Men","Ann Arbor","MI","/teams/events/Eventteam/?TeamId=vVo3pOtnHoG%2f%2f%2b2ZD3ojysBaYnLLc%2buuv6%2fm4ytYncU%3d",98,0.0623405100470502
"95","Rest Stop",6,2,"Masters","Men","Baltimore","MD","/teams/events/Eventteam/?TeamId=MlA6AZTSPLEW5hdeCOxjffgNgdG%2foNWUvoI9Ndbb5Yk%3d",202,0.0610250052409463
"96","Black Market X",6,0,"Club","Men","Lombard","IL","/teams/events/Eventteam/?TeamId=WfpLhauww9xsTJOO0FZRkDM1xBk3U5RwggDwqv%2ftUv0%3d",28,0.0596356176131799
"97","Voltron 2020",6,2,"Masters","Men","Seattle","WA","/teams/events/Eventteam/?TeamId=V6baMD%2beouNeYEAnjaJHyTbfY3MMTF0fr3typp%2fyPKU%3d",278,0.0594488183297154
"98","Boneyard",6,1,"Masters","Men","Raleigh-Durham","NC","/teams/events/Eventteam/?TeamId=iAvRWii%2b74ltkqtHb8kdUMbYAwxtpQrv2GBSTj12mW8%3d",36,0.0577133932284845
"99","Green River Swordfish",5,2,"Club","Men","Davis","CA","/teams/events/Eventteam/?TeamId=A4iz4Hp6Dwk9bJiTCq2%2bDbF8fGUwg0Cd9RhGNrIE38E%3d",118,0.0538552847574453
"100","Plex",6,9,"Club","Men","Dallas","TX","/teams/events/Eventteam/?TeamId=ZKEMmdkuHS4Z%2bRKhLiyiFwrWd5LttxF1GIfuGo%2fU%2f0o%3d",184,0.0502146648306584
"101","Shockoe Slip Flatball Club",3,1,"Club","Men","","","/teams/events/Eventteam/?TeamId=jcdnR3P9d3DdC6ew%2fQLQC%2fgce9rjNshqdXxzJr0MZxk%3d",229,0.04850944394425
"102","Holy City Heathens",6,8,"Club","Men","Charleston","SC","/teams/events/Eventteam/?TeamId=0VQXE0hrmiNvTcr62%2bRhBRyyo7Am8yzVOi56BGb2akA%3d",128,0.0475197295639154
"103","Dark Star",11,1,"Club","Men","Eugene","OR","/teams/events/Eventteam/?TeamId=89aH0MRZsBdlKBrzi3W0KFFq9YfGlO0XjQiYsiAvs5A%3d",74,0.0467190627606911
"104","Schweingeist",7,7,"Club","Men","Cincinnati","OH","/teams/events/Eventteam/?TeamId=1MagdPLACnlEDeD6ZbpRSuGbCAnqZ%2fz6SlUEMmEGNow%3d",222,0.0465623342598394
"105","BaNC",12,9,"Club","Men","Charlotte","NC","/teams/events/Eventteam/?TeamId=J7MbUMkIMEW%2f%2fOObwUuOH1zXue01smvq%2b%2fy1mep%2brLM%3d",14,0.0456202351394901
"106","Riverside Ultimate",6,0,"Club","Men","Austin","TX","/teams/events/Eventteam/?TeamId=FmeKEQaIOeiQngNkhdYQ4PfTae2RlDnWy43X%2bNsKpXo%3d",209,0.0438530393677676
"107","Tribe",3,4,"Beach","Men","Los Angeles","CA","/teams/events/Eventteam/?TeamId=MFbIKwUWB%2fhcUEqU%2fH1WEQvfk0NzGjvXYbggbf2c68w%3d",269,0.0437874433227287
"108","Club M - Manic",5,2,"Club","Men","Montreal","quebec","/teams/events/Eventteam/?TeamId=TdU41hZgHuQFQYZMicQ5zs7RJpRnUk0wm%2b9mcAU5UsY%3d",61,0.0392247271961054
"109","Reckon",9,3,"Grand Masters","Men","GA/TN/etc","GA","/teams/events/Eventteam/?TeamId=1jQ1ovn%2f9R7FXC8nGIT%2fXE8AXw5RxOxwHvGwxCHh8RE%3d",194,0.0387903952087745
"110","South Shore Line",4,3,"Club","Men","Chicago","IL","/teams/events/Eventteam/?TeamId=v9kt59gWmEYbhMclFQlyGO9MKxeoKCM7cVWZgToVyOE%3d",244,0.0377779383001262
"111","Black Cans & Highlands",5,4,"Masters","Men","Washington","DC","/teams/events/Eventteam/?TeamId=F9P%2bjqPd4hVDXSc5lKWHH8h8NIyoRctzkxpoDwT9WV0%3d",24,0.0365328766395914
"112","Paranoia",5,3,"Beach","Men","Washington","DC","/teams/events/Eventteam/?TeamId=iGliV5xLYtJtUUaLEKOJQr%2f3y2Xtcws2y4aRdPGg1dY%3d",179,0.0364147960748314
"113","Grand Trunk",2,4,"Club","Men","Toronto","ON","/teams/events/Eventteam/?TeamId=g9BgWpgdJy0N%2f136bT3WtNIOBLw0qYTo%2bcuEs8n3fIk%3d",112,0.0355207374560068
"114","PowderHogs",3,3,"Club","Men","Salt Lake City","UT","/teams/events/Eventteam/?TeamId=0OOsdI0y9jer8gCaY%2b39rZ9wWGVEynN9N%2brmvetdJDk%3d",187,0.0348583296022637
"115","Shade",9,5,"Club","Men","New York","NY","/teams/events/Eventteam/?TeamId=vWMZlOewddQ82WiV2y%2bTANopUVzuGGt%2fxROMpFTSKww%3d",226,0.034852839723598
"116","Scythe",4,4,"Club","Men","Omaha","NE","/teams/events/Eventteam/?TeamId=9RE%2bRnB%2bVvAHNyL0d1ayrtmnHTV8pb2TOfOsbTJxS0U%3d",224,0.0344184959182372
"117","Papa Bear",6,4,"Club","Men","Houston","TX","/teams/events/Eventteam/?TeamId=zLw9wTS4Yt9X5ItRv%2bdPrOxOEDdpde4wK8xA2KNKns4%3d",178,0.0333078673255403
"118","Deathsquad",12,8,"Club","Men","Needham","MA","/teams/events/Eventteam/?TeamId=AKOcIKjeMI9E3EzqDSroOD0z0ZqJ6xleNYrrg4Dps%2bU%3d",76,0.0331050144501312
"119","Climax",4,3,"Club","Men","Minneapolis","MN","/teams/events/Eventteam/?TeamId=4Z5czYE%2fVX0l98bXSJ9Hp58z%2fEKMxjbnfj9JUxs7K%2fs%3d",58,0.031093715249739
"120","Rip City Ultimate",5,8,"Club","Men","Portland","OR","/teams/events/Eventteam/?TeamId=m%2bclOwt499%2bMMiyTgQxgfTTJqSVtwc%2bHVLs6bVZPrPM%3d",207,0.0303124752647929
"121","MidRift",4,3,"Beach","Men","Iowa City","IA","/teams/events/Eventteam/?TeamId=JlpAvBfy81Bp%2bGFoUrWeQP6iUWzeaP%2b1DUBrbk4iEuw%3d",160,0.0302060372386351
"122","Beach Wrench",2,5,"Beach","Men","Cambridge","MA","/teams/events/Eventteam/?TeamId=oJRw3kUSKFN04dizzjss03E4OrTk0Mageq0nC1cItRw%3d",17,0.0301647618166911
"123","SmokeStack",6,9,"Club","Men","Kansas City","KS","/teams/events/Eventteam/?TeamId=aC86VtoyKo%2fgHHOK%2bDQARo050LEzsr5Icc0GwJFNAu8%3d",238,0.0300383744001002
"124","Thundersnow",2,5,"Club","Men","Flagstaff","AZ","/teams/events/Eventteam/?TeamId=p95K%2blqjlWraTbbSgnSrpgaGhSZ5PFg2Nh2WNhC5xJc%3d",266,0.0295849150427688
"125","Dallas United: Outlaws",6,8,"Club","Men","Dallas","TX","/teams/events/Eventteam/?TeamId=IrDDFE9A7V%2fPigWipOQb03j1WzfkBn4bEDmqHcHQp9w%3d",73,0.0288364877126041
"126","The Roofing Co.",6,3,"Club","Men","Indianapolis","IN","/teams/events/Eventteam/?TeamId=qRG9GAGO4A%2b2wDO34zJZFqX6%2bYelFWKBA6kFu6QJNRs%3d",264,0.0287988904522493
"127","Red Tide",11,8,"Club","Men","Portland","ME","/teams/events/Eventteam/?TeamId=hMUhRaewoqkGsN9BY6ghDSZML83VROXEC1tKSRtBdwc%3d",197,0.0287950542918032
"128","Supercell",6,8,"Club","Men","Oklahoma City","OK","/teams/events/Eventteam/?TeamId=da1KK%2fiyTTOHuLcuZYV8U6g8fp1FOftXti0g%2frZZz4M%3d",253,0.0281795728664376
"129","All Bashed Out",6,3,"Masters","Men","Albany ""Cap City Bang Bang""","NY","/teams/events/Eventteam/?TeamId=XYSBrIRok5s83e%2bEHmvIEQ5%2fNDjOhPb165hwRtid5w4%3d",8,0.0266651026293437
"130","Surly",11,2,"Masters","Men","MINNEAPOLIS","MN","/teams/events/Eventteam/?TeamId=bROFn4pqILDEfzIGbfGf8dQhMaS8GJ8YtIZTa%2fLAz4Y%3d",257,0.0254882187206719
"131","Dredge",7,7,"Club","Men","Rhinebeck","NY","/teams/events/Eventteam/?TeamId=KP0pH3NJGxU45OhF%2bgCngepicfhc65jaSVb7ap7xyjM%3d",86,0.0249803484704007
"132","Karma Bandits",1,5,"Beach","Men","Tucson","AZ","/teams/events/Eventteam/?TeamId=go5QIeWlWZqQS36lxADdb1peyR7HaAvqnB1iCgHuGbY%3d",147,0.0242106395780218
"133","Mango Tree",4,3,"Club","Men","Ann Arbor","MI","/teams/events/Eventteam/?TeamId=X4rXP4D3OIpX0KVv8ffoSGhiPlLejGFf8PXA2Zxv4ec%3d",154,0.0237543425282416
"134","ISO Atmo",3,9,"Club","Men","Boulder","CO","/teams/events/Eventteam/?TeamId=zx2GYzxhtOVLm%2b0tG1np5WQTEGPNfiTe6avzwdibWz4%3d",139,0.0225140782904407
"135","ShutDown",5,2,"Grand Masters","Men","Washington","DC","/teams/events/Eventteam/?TeamId=buG4jKccWJrfh6b1cFcm%2bIMqZ4TQeZqRJxJmYbrp6NM%3d",232,0.0225129129274057
"136","Rawhide",5,9,"Club","Men","Tulsa","OK","/teams/events/Eventteam/?TeamId=1S7AMLCcNSRV2A3YvoioFiiyX4cLPgndyUIjiN0kAh4%3d",192,0.0223328613174007
"137","Republic",3,4,"Club","Men","Los Angeles","CA","/teams/events/Eventteam/?TeamId=Q1N8ccczZBOqx8d3UYkpQ6%2bGRfx2KoEPdOgiNW5yth0%3d",201,0.0218553759828991
"138","Zone (Endless Sunset B)",3,4,"Beach Grand Masters","Men","Huntington Beach","CA","/teams/events/Eventteam/?TeamId=q9GhGvx4yw0BPIAowdKg6Y801%2fdMoaG1XYU2V94U2Gw%3d",291,0.0215205633680213
"139","Somerville Youth",4,3,"Beach","Men","Somerville","MA","/teams/events/Eventteam/?TeamId=V%2f9KOkxzFOYn1TKLyq6yY3teSCHoW29QxHo%2f5ds8bBc%3d",243,0.0214129534587158
"140","Dreadnought",4,6,"Club","Men","Fayetteville","AR","/teams/events/Eventteam/?TeamId=ebHb4n1Zd8gUbQY7ZXFNdmOlPcudG27OVe%2fS1028Tgk%3d",85,0.0213308103646342
"141","Scrapple",4,4,"Beach Grand Masters","Men","Philadelphia","PA","/teams/events/Eventteam/?TeamId=%2fjdlb194OeGWIXEpitN8JS0im3w3URYpmrBR0J7yJhI%3d",223,0.0211414247831865
"142","Chimney",8,4,"Club","Men","Cleveland","OH","/teams/events/Eventteam/?TeamId=FntPkfSJCfEy93oTIo%2byROObgB1iLwDjVHKj7CPs%2b60%3d",54,0.0204556585584825
"143","Spring Creek Ascension",7,4,"Club","Men","Tomball","TX","/teams/events/Eventteam/?TeamId=6BaONrryh6PVL1PahVAzdwkA8Z0HR8rskheFm8JKpNw%3d",248,0.0201410182067785
"144","Chattanooga Gentlemen's Club",7,12,"Club","Men","Chattanooga","TN","/teams/events/Eventteam/?TeamId=CoJ2w1an2pmVknph8G%2fpzwnXrHsy5GMQik%2ftfvbmKCA%3d",52,0.0200811519956411
"145","War Machine",8,12,"Club","Men","Birmingham","AL","/teams/events/Eventteam/?TeamId=LighyFaLtpF8%2fT5%2bRVqA3CbdTj4Y0k0nsNG3QzJ7EbU%3d",280,0.0198337325816492
"146","Kalakala",9,7,"Grand Masters","Men","Seattle","WA","/teams/events/Eventteam/?TeamId=MsQbTUGmGRAwO%2b8hXZSjTDfSTDv7CCA2zppjghI%2bPBs%3d",146,0.0195813691261652
"147","UpRoar",11,4,"Club","Men","Tampa Bay","FL","/teams/events/Eventteam/?TeamId=iWzRmTa0Uc8ytOJxC0gOuWTQzQFlpRgXcKdYS3jOAnI%3d",275,0.0191475460600887
"148","Premium",4,4,"Club","Men","Beaumont","TX","/teams/events/Eventteam/?TeamId=PUajyV2li7GBQSfLageGGKLjxmu531%2btp%2bWOCacM%2f64%3d",189,0.018891732521722
"149","Xavier's School for Gifted Youngsters",8,5,"Club","Men","Syracuse","NY","/teams/events/Eventteam/?TeamId=v7SArBjsbbbg2RaHtdLinz%2fyqlSI8GGLiPlfWoKv%2fQ4%3d",288,0.0184291923829466
"150","Hootenanny",11,9,"Grand Masters","Men","Raleigh","NC","/teams/events/Eventteam/?TeamId=KE6vdD1XwG4SBlsAXgWX3PYIoFsOzJePPIpQMzt%2f7lU%3d",129,0.0183297900546557
"151","SA Spares",4,6,"Club","Men","San Antonio","TX","/teams/events/Eventteam/?TeamId=ttN69cUea4f4mcnJsZFnPWNTUtb%2bx5Rpfqj5CC9TcjY%3d",217,0.0168924846500547
"152","Breakers",8,11,"Club","Men","Providence","RI","/teams/events/Eventteam/?TeamId=xK45ImrStSH2UN1Rl7LIljJkG43UMcjii7Najvol5Fo%3d",39,0.0168811591329364
"153","H.O.G. Ultimate",5,15,"Club","Men","Macon","GA","/teams/events/Eventteam/?TeamId=jCy5BLL5kKaUz%2bK%2fowsHCYgYi6GFNPWWr2dS3lFX%2feE%3d",120,0.0164375092521309
"154","T.R.W.F.B.",4,1,"Club","Men","Seattle","WA","/teams/events/Eventteam/?TeamId=Wx0PGWPv501r81DGoVmctTqvEvLEpijllO3PRemXFXE%3d",260,0.016203497672509
"155","Ham",8,4,"Club","Men","Bellingham","WA","/teams/events/Eventteam/?TeamId=UqMcYg1vrXSpEvn5QBm8qMgihuDIQwqS0Y%2f6jw1tBWs%3d",121,0.0160306329805958
"156","Memphis Belle",4,6,"Club","Men","Memphis","TN","/teams/events/Eventteam/?TeamId=sKhAl4oHHsCpeKseNbGG%2f37CPjknhmDuRe79oI1qodg%3d",157,0.0153634847919888
"157","Connecticut Connvicts",9,10,"Club","Men","Manchester","CT","/teams/events/Eventteam/?TeamId=CDeDEV2k8E%2bzSgOaXJDg%2bq0jIE9Mknu7XLKcNzEjqdU%3d",65,0.0149720535783686
"158","Westchester Magma Bears",10,10,"Club","Men","Yorktown Heights","NY","/teams/events/Eventteam/?TeamId=znBDYyD3%2f0CELmytpMPxMeiMmbcHQi%2fkuXP0ZXbecuw%3d",282,0.0149270799668526
"159","FludWhale",4,3,"Beach","Men","Richmond","VA","/teams/events/Eventteam/?TeamId=oIofCh0VF%2bdC9g9FVaRrB7fyi1T%2fktzrSWwWy0bgr28%3d",96,0.014359732887009
"160","Old Man Winter",7,4,"Grand Masters","Men","chicago","IL","/teams/events/Eventteam/?TeamId=8CgONG9C8%2fQvCCEN6sHFrQFI8AE2bWgbG7xFFcuTjAU%3d",173,0.0143494952579805
"161","houSE",1,7,"Club","Men","Kenosha","WI","/teams/events/Eventteam/?TeamId=35UXmj0JioTvIxXrJJUM%2fEBKvG%2f2r4uajrjiPvZAGAw%3d",131,0.0134837551066776
"162","Coastal Empire",4,3,"Club","Men","Savannah","GA","/teams/events/Eventteam/?TeamId=3KkJx2dAu%2b6xDIFHlW5PS3E5YGWRNMIbYJU78%2bUsvj4%3d",62,0.0132060082950346
"163","DeMo",4,2,"Club","Men","Des Moines","IA","/teams/events/Eventteam/?TeamId=fRPGbYrAGFqM68beIMc9%2f68j0XQBbxnD%2fSqlOHuYGiw%3d",78,0.0129897190521498
"164","Dallas United: Neato Banditos",4,9,"Club","Men","Dallas","TX","/teams/events/Eventteam/?TeamId=uunpL5lZxjwTqqupmBnqFrtqIUGIY0pDl50510riVFY%3d",72,0.012286186951918
"165","Midnight Meat Train",4,7,"Club","Men","Grand Rapids","MI","/teams/events/Eventteam/?TeamId=P0uRap5kYyWOtj9FuFP2BLX2XKpw375Qn1wSk0q9nJc%3d",159,0.0122311675084529
"166","Somerville BAG",6,8,"Club","Men","Somerville","MA","/teams/events/Eventteam/?TeamId=rxqG2sG%2fYAY6P2MuRIav%2fiKBfwStM2duI7BOevXo5Xc%3d",242,0.0118297943653538
"167","DTH",2,3,"Club","Men","Houston","TX","/teams/events/Eventteam/?TeamId=vboAZc1kge%2fD47Zmib6%2f8Vqp5CJ4KfyMoYCfLNxHkkQ%3d",87,0.0118047661215903
"168","Bighorn",7,5,"Grand Masters","Men","Boulder","CO","/teams/events/Eventteam/?TeamId=yqh%2fL3WXWAUUOA8TspHrxN1Ks%2fn%2fIv8nlQXYy8%2bJUVI%3d",23,0.0115360684298637
"169","BroWatch",3,4,"Beach","Men","Athens","OH","/teams/events/Eventteam/?TeamId=uAYWlcCHx9btxS%2bj8LnL5kS7fMq9vJdLyhlhjvdjSM8%3d",43,0.0115180022458229
"170","Syndicate",2,3,"Club","Men","Colorado Springs","CO","/teams/events/Eventteam/?TeamId=GUi997jeeJpHExYbNuxlNLs4xZvkXeCvvlacUtEINpI%3d",259,0.0114635572981228
"171","Slag Dump",5,7,"Club","Men","Pittsburgh","PA","/teams/events/Eventteam/?TeamId=weWEPfzTJwmz12SCv3lP84LO5zncTmtwWw4V71uHBVs%3d",235,0.00998157930586057
"172","projectile dysfunction team HELM",6,5,"Grand Masters","Men","columbus","OH","/teams/events/Eventteam/?TeamId=DC4srvc0aMVKHYwq3IeL9b%2bPAqD6%2faIuabPYs0ttYaw%3d",190,0.00976058679989819
"173","Sherbrooke Gentlemen's Club",4,3,"Club","Men","Sherbrooke","QC","/teams/events/Eventteam/?TeamId=64cQXoUYVSA7QkrGRp8j2xIi48TtMF%2bANxvI%2bcifn8g%3d",228,0.00943613940722175
"174","Adelphos",9,5,"Club","Men","Philadelphia","PA","/teams/events/Eventteam/?TeamId=DFQF5z%2fRLSCrUd%2fSJNAvFtYvX1PHfVv6fSVMpBxyon8%3d",4,0.00920916383142794
"175","Ghost Train",7,5,"Club","Men","Seattle","WA","/teams/events/Eventteam/?TeamId=XTEUBDkd3VBnWd%2fU2Icxwv%2b%2b2RMbRs%2bWqOAhHYq3S4M%3d",107,0.00811879602474442
"176","Blackfish",3,2,"Club","Men","Vancouver","BC","/teams/events/Eventteam/?TeamId=%2f6%2fc6yFBqWLLcGeBTQUWmFVnhLyOl5Rp20%2bW9LoOzkM%3d",31,0.00794430892849724
"177","Munch Box",2,3,"Club","Men","Fairfax","VA","/teams/events/Eventteam/?TeamId=vw%2bpHJzZtaRQmCrrzQqyA3KnGZmArH114ROvDFfiZRs%3d",165,0.00746361501400898
"178","Deaf Fruit",5,5,"Club","Men","Lubbock","TX","/teams/events/Eventteam/?TeamId=x9h3BIJ5TwluE3P2xwDyF%2fEdaGi2bsyv3S%2b%2b9pE8xt8%3d",75,0.00694198774904278
"179","Cream City Crooks",1,12,"Club","Men","Milwaukee","WI","/teams/events/Eventteam/?TeamId=Y1mUMgafPfGR2K%2fOHXgRcYbf4ookvOCQmuEr7m79Sjk%3d",67,0.00636536782298174
"180","Sawtooth",5,3,"Club","Men","Boise","ID","/teams/events/Eventteam/?TeamId=SVdZw81wxUKjxEi9LGH2KiJqDlgJUmHWWPC25eVcCrc%3d",221,0.00613893078293515
"181","Crawl",6,3,"Masters","Men","Phoenix","AZ","/teams/events/Eventteam/?TeamId=U3lCDpzfE3US3XKubAwotV5MoEHTSr3kl1yHRzXeVy4%3d",66,0.00612882968465411
"182","Shrimp Boat",5,9,"Club","Men","TALLAHASSEE","FL","/teams/events/Eventteam/?TeamId=oH0hcfk65x27hXo1RAhlHj5bsQHNJpRJwV4U7dRWumo%3d",231,0.00567676889101344
"183","The Bucket Brigade",2,7,"Club","Men","Hot Springs","AR","/teams/events/Eventteam/?TeamId=QSSHPIHXIodgkPljAS4D14qOPXkPlxGLyQ960teM%2fj4%3d",262,0.00530462680256825
"184","Auxiliary",2,4,"Club","Men","Quad Cities","IA","/teams/events/Eventteam/?TeamId=7MvCi5lV5rNzEuQPZTb%2bc1KDBohvdiL9B%2fcnY7CxsvA%3d",13,0.00508467011687865
"185","Watchdogs",6,5,"Club","Men","Bethesda","MD","/teams/events/Eventteam/?TeamId=znIBP8KFMhzAxs7zNDFNfVG1wpvEjuKSjy%2bAfyK80Es%3d",281,0.00478291742308763
"186","Dirty D",3,4,"Club","Men","Greater Detroit","MI","/teams/events/Eventteam/?TeamId=nHAYGmgukCW6bJGU182B9ru46T4rrFfn7i5goN5x%2f44%3d",82,0.00421983281731753
"187","Low Five",5,6,"Club","Men","Columbus","OH","/teams/events/Eventteam/?TeamId=%2bptTXClg8veMvjPEVpGVpib2jWXqsg0TVQ50OBGsmH8%3d",151,0.00380638817756899
"188","Critical Mass",3,8,"Grand Masters","Men","Northampton","MA","/teams/events/Eventteam/?TeamId=Vf4P5xn3%2fgeQ23prO8TFtvzTEczzyOTpICmTY5Xtpfs%3d",68,0.00379370161058811
"189","Red Circus",1,5,"Club","Men","Halifax","Nova Scotia","/teams/events/Eventteam/?TeamId=G8Q%2fYqx%2fA2%2b%2bsMzR0q7e73Uu4VAKOgfC5uZeAvQxpTI%3d",196,0.00377673339879868
"190","Helots",5,6,"Club","Men","Sparta","NJ","/teams/events/Eventteam/?TeamId=3OqQ6lpWGTYMOY6QJ4Jn7whJvY4%2b1%2bxh%2fDQaAjGcWF4%3d",124,0.00373804505554479
"191","Black Lung",0,7,"Club","Men","Lexington","KY","/teams/events/Eventteam/?TeamId=KU0MqjxGmaMSOXGn1%2f95uD59I4xmW%2b%2bUPwKRclkyXLE%3d",25,0.00369033054458178
"192","Shrike",4,1,"Club","Men","Ottawa","ON","/teams/events/Eventteam/?TeamId=%2bVLmQe1BOvwWFAorr%2f5h%2fQjZtdBZ1Oo9rOuK5Or%2fp80%3d",230,0.00368726094952854
"193","Riverside Messengers-B",1,4,"Club","Men","Austin","TX","/teams/events/Eventteam/?TeamId=8fvRbb61B2qgjnsKYG1dr51TMB3PGg5lyqGwl9kLUQ0%3d",208,0.00367526889773709
"194","Satellite",2,4,"Club","Men","Normal","IL","/teams/events/Eventteam/?TeamId=BHzNN2BlwB0ZNXgOFA6dITzhA1aXd6MHJqeXe3nYw5w%3d",220,0.00355405557010044
"195","Flicky Stardust and the Cutters From Mars",2,5,"Club","Men","Eugene","OR","/teams/events/Eventteam/?TeamId=vK5pceEMrGpVBn21RsP8QDZlgG8r5scnWHv7Gi0o9D4%3d",94,0.00354506419579035
"196","Garden Party",7,12,"Club","Men","New Brunswick","NJ","/teams/events/Eventteam/?TeamId=Mm4E%2fFa4My5SiNFJ%2fxbAg5acNmkkeF%2bvGmc0QY9khyk%3d",101,0.00344965575424547
"197","Refinery",4,4,"Club","Men","Vancouver","BC","/teams/events/Eventteam/?TeamId=rHrN3dEM9El2vWsJqRwhV8h4POOOdu6vq5jHxOU0hdo%3d",199,0.00316593188955384
"198","AndyGator",0,3,"Club","Men","Baton Rouge","LA","/teams/events/Eventteam/?TeamId=5Bimju12X4EN3n83DGzltNfdU5YnidKNgvzsLayAuWQ%3d",12,0.00279264432384658
"199","Rampage",1,4,"Club","Men","Huntsville","AL","/teams/events/Eventteam/?TeamId=9e%2bvhUxqIK9kwYGahBdf0PLeiRD7f2p1RXyo2kkXlnI%3d",191,0.00267028165337764
"200","GrandMaster Flash",8,13,"Grand Masters","Men","Orlando","FL","/teams/events/Eventteam/?TeamId=g1gMfl3PjonnAorsAc3j9Vfk6dAl%2fxYVfXpbZO9J8I8%3d",113,0.00254901628677824
"201","Black Market II",3,8,"Club","Men","Lombard","IL","/teams/events/Eventteam/?TeamId=6qYVkDGzfbDO8QhZA49necjR%2bm2dCqlwWlBRexEvAZo%3d",27,0.00247617509484226
"202","AK Pipeline",3,13,"Club","Men","Akron","OH","/teams/events/Eventteam/?TeamId=iCEBpCo7KnDCzID4wo%2bkMhp48WM2Jff0g%2foz%2bRNDjiE%3d",7,0.00233354688410019
"203","Horse",1,1,"Masters","Men","New York","NY","/teams/events/Eventteam/?TeamId=NJUAFgQM%2bdMZrgOPSwy7R57TREyKAwQ6i4spUCmUKos%3d",130,0.00212426024585774
"204","Sick Hammers",3,7,"Grand Masters","Men","Austin","TX","/teams/events/Eventteam/?TeamId=DuBxPHwwjHxpOqZ0e0sJK30yRt2fAzcZ63XleRJzk0Q%3d",233,0.00198753358381453
"205","High Level",1,5,"Beach","Men","Gainesville","FL","/teams/events/Eventteam/?TeamId=u70wAohBEq6mhFNPMfYi%2bQ3zu1gnvtDkExsEL0pPHn0%3d",126,0.00190510633342751
"206","El Niño",6,2,"Club","Men","West Fort Miami","FL","/teams/events/Eventteam/?TeamId=lS0%2fxSM%2f0v0J0U5U3wM66I9M2uP2ChfoYA6EkZJ6b1k%3d",89,0.00189395645341108
"207","DinoSlam",1,1,"Grand Masters","Men","Portland","OR","/teams/events/Eventteam/?TeamId=q5ls10gyoVvpEkvXpfIX7gHzjFJHJFgNDkV9ZtZhbjc%3d",81,0.00174966184547424
"208","SURE",5,7,"Club","Men","Seattle","WA","/teams/events/Eventteam/?TeamId=6rlgaE5%2fKfaQ8lTlnATQJhC90iFY9Vp7lP0GGUVHUTc%3d",254,0.00173140580218663
"209","Union",3,9,"Club","Men","Seattle","WA","/teams/events/Eventteam/?TeamId=mVKdidqNIWgZCC9CDAA%2brysort2v8iOQYookwW3McPc%3d",274,0.00165245016527247
"210","Gargantuan Spider Dragons-Senior",2,4,"Club","Men","Lewiston","ME","/teams/events/Eventteam/?TeamId=KtYGY8S7BudSgjy2wdppIJfGn5%2fMlg6iJ4xT56sVY6w%3d",103,0.00164908377406586
"211","Moscow State",2,3,"Grand Masters","Men","New York","NY","/teams/events/Eventteam/?TeamId=oAo9LgEtfWDBFJNG2rOvtTGjphXl0NT0%2bTSHmLFIdtc%3d",163,0.00160462203895564
"212","Relics",7,0,"Great Grand Masters","Men","San Francisco","CA","/teams/events/Eventteam/?TeamId=rBq4ym6JO3o7CkxLNwop61CmuBpbRMWkurN8z6TMUTo%3d",200,0.00159954759662804
"213","Hammerhead",3,12,"Club","Men","Jacksonville","FL","/teams/events/Eventteam/?TeamId=SQuiS62D7hWE5cxCB4a8cju1Yzq%2f3QeBqomjJ1%2bEMoo%3d",122,0.00154163510254912
"214","Age Against the Machine",2,3,"Grand Masters","Men","Cincinnati","OH","/teams/events/Eventteam/?TeamId=Jx7p1aIBQAoCrG14%2bn%2fMLOLrdU7vKmNTg1rP24oa84I%3d",5,0.00147960373276939
"215","Coney Island Fun House",2,6,"Beach Grand Masters","Men","Avalon","NJ","/teams/events/Eventteam/?TeamId=o7btqcDV39fUmJ9l3W9od82UZ%2b32R09NDEuDDQpaxeU%3d",64,0.0014374556548562
"216","Mutiny",3,7,"Club","Men","Burlington","VT","/teams/events/Eventteam/?TeamId=Jd4hLvuipPXG4BsBiKS5%2fs0IoaxHeL2bbByAYvKvCLk%3d",166,0.00138220961185753
"217","Borderline",4,4,"Grand Masters","Men","Maritimes","Nova Scotia","/teams/events/Eventteam/?TeamId=eTAhTKFzzbyGoHKtWTf187qlm7aC2QuVk5%2bhT04Ln%2fY%3d",37,0.00137180977526104
"218","Winc City Fog of War",2,9,"Club","Men","Winchester","VA","/teams/events/Eventteam/?TeamId=JO1C2W9YVq%2bJvDTqGtAetbsPI5kX1LSCHfCGSz5FR24%3d",283,0.00128271692814865
"219","Reckon (for Beach Nats)",3,4,"Beach Grand Masters","Men","Nashville","TN","/teams/events/Eventteam/?TeamId=GwoGWWrH%2fmhi91JzIc5MVhgml24xIDEGHV5PvIY2w4o%3d",195,0.00125751040620556
"220","Dragon Army",2,3,"Club","Men","Seattle","WA","/teams/events/Eventteam/?TeamId=tyULRDxvHzxeeC7T1F74UICqJ%2bD6iZ%2faszynMbdEkSQ%3d",84,0.00114053560736582
"221","Blade",3,7,"Club","Men","Nashville","TN","/teams/events/Eventteam/?TeamId=o9w8h%2bBNiS34dKTKfbpBU6OGx1JvparC53tVPgIqbFQ%3d",32,0.00110820070357466
"222","Red Tide Black",1,5,"Club","Men","Portland","ME","/teams/events/Eventteam/?TeamId=FeUn9NpOI4NOOS6cHXlZUcfg%2bbgHTZlAOB%2bP3yDF6Hs%3d",198,0.000907009886401119
"223","Pacemaker",9,3,"Masters","Men","Chicago","IL","/teams/events/Eventteam/?TeamId=2fSM4Kj353PNB6VYWJ%2fyE83EGs5LKA9rXqkyfa1Yj8U%3d",177,0.000861653931262051
"224","Bear Proof",2,5,"Club","Men","Harrisburg","PA","/teams/events/Eventteam/?TeamId=MkpeoNr9gccqgjI1a2IJSmWzJiJImGE39QTjn9OVpR0%3d",19,0.000819329113716892
"225","Jaybirds",1,6,"Beach","Men","Shalimar","FL","/teams/events/Eventteam/?TeamId=b2MFg%2bQ6noh7Q8L8Lu4auwVeOd7HwQ8t6atfXlH0dXY%3d",141,0.00080880462740541
"226","Black Market Y",1,4,"Club","Men","Lombard","IL","/teams/events/Eventteam/?TeamId=D%2bx1Q9SV6TAb01G1RH7MN3BbIJROuF223PsH5idGI1U%3d",29,0.000790213720986554
"227","Rust",2,4,"Grand Masters","Men","Birmingham","AL","/teams/events/Eventteam/?TeamId=kQdg2E%2bxdLCaV7CWu3YOoLZYDIc7wA3I6DKgrzj8bvw%3d",214,0.000754891744548767
"228","East Rock Candy Mountain",2,11,"Club","Men","New Haven","CT","/teams/events/Eventteam/?TeamId=9ObrwedK3OdTffTBgTkCjIAxpiu7Qo2%2fkBkyUSwOS%2fo%3d",88,0.000744742776687941
"229","Goatswitcher",0,5,"Grand Masters","Men","Montgomery","AL","/teams/events/Eventteam/?TeamId=qtn2icN2hXc6rVboD47pxRlmWvpvZ%2ftWmCjyOET5noQ%3d",109,0.000704997132253455
"230","Tyranny",2,6,"Club","Men","Tampa","FL","/teams/events/Eventteam/?TeamId=m6bZs0bU45AEAhEOiNKlRtlutK5UjiqdZg23sV5Y3w8%3d",273,0.000661566289827527
"231","CerB WerB-B",2,5,"Club","Men","Athens","GA","/teams/events/Eventteam/?TeamId=T8sEbg0K7uh%2fiMbd9wwTK1jwPsLhIIDxqgJqM1aVcfw%3d",49,0.000655883859338719
"232","Brawl",0,7,"Club","Men","Tempe","AZ","/teams/events/Eventteam/?TeamId=BHHklYpa4v%2bmQ%2bEdDFkZP1Uwi1dU1fUT150FQLMFyLU%3d",38,0.000646726225288834
"233","Grave Error",3,4,"Beach Grand Masters","Men","Chapel Hill","NC","/teams/events/Eventteam/?TeamId=4sgbP9JLcrzGpKFiuuiOu4Rl6kf7dAio4WfLimz6x5k%3d",115,0.000642268392137741
"234","Team Canada GGM-Senior",0,6,"Beach Grand Masters","Men","Vancouver","BC","/teams/events/Eventteam/?TeamId=7IExL%2b19ZT0JiMHipGCkdvgdf6ocLH%2fOHKCYq8d09G4%3d",261,0.000638864046685124
"235","Bomb Squad",1,9,"Club","Men","Bel Air","MD","/teams/events/Eventteam/?TeamId=xh0hNpnGeDdICUv8hI%2fRAnU6SgSNBTii%2b9N%2ffhEArQ8%3d",35,0.000634837596764641
"236","Get Off My Lawn",0,2,"Masters","Men","Burlington","VT","/teams/events/Eventteam/?TeamId=QQWjGopJLgite6IHZeSVVBTAGxm067jS%2fpvA3dVaphg%3d",106,0.000559015333329319
"237","Old and in the Way",7,1,"Great Grand Masters","Men","Boulder","CO","/teams/events/Eventteam/?TeamId=uQnmO7Rg83g8dfgYBUbOdp%2fkuEnsWv5Wjn8WuIAS3V8%3d",170,0.000530203540216789
"238","The Summer of George",0,7,"Beach","Men","Fairfax","VA","/teams/events/Eventteam/?TeamId=vZdFdbMfPT6o9M1FcY4aROxp4GZxXQyTkH%2fZMtMeAME%3d",265,0.000425499855987597
"239","Space Coast Ultimate",1,7,"Club","Men","Melbourne","FL","/teams/events/Eventteam/?TeamId=qEe9nHU63EVYLP2GIn9XZF0aRthfZYOByhbzpZDLi%2bg%3d",245,0.000382271154666624
"240","Beyondors",1,1,"Masters","Men","Santa Barbara","CA","/teams/events/Eventteam/?TeamId=6YD1ZUHg%2bK3KUjp8Pomfq8kn7XvUTv%2bBujCLEC19rac%3d",20,0.000381348735548092
"241","Old Growth (OG)",2,10,"Grand Masters","Men","Silicon Valley","CA","/teams/events/Eventteam/?TeamId=XMD%2bctzBLCPq2AMba7cmLrgcaHROCmbs%2f3YCJwHeuE4%3d",172,0.000369768107915973
"242","Vicious Cycle",2,6,"Club","Men","Gainesville","FL","/teams/events/Eventteam/?TeamId=M5FiaFNnISek3IhGL2qtmUR5sjZnaLs8h2oEhLfMBpo%3d",277,0.0003536928305877
"243","Club M - Magma",2,10,"Club","Men","Montreal","Québec","/teams/events/Eventteam/?TeamId=HB4mVsSIQuvUcm9abrkXsoL1NiPNcxoAUdt9HPNHJVw%3d",60,0.000333763618914875
"244","spokane flatline",1,5,"Club","Men","spokane","WA","/teams/events/Eventteam/?TeamId=Ae8an6QtVKQNtd0kXasWYfz%2b3AN2BQGrcaTlZuVYZlw%3d",246,0.000289811483400811
"245","Transatlantic Danger Zone",0,4,"Club","Men","CIncinnati","OH","/teams/events/Eventteam/?TeamId=7D3zQZ4ClR2C%2fBlzZn9MzbwnHfXbcfWQA8Tx2BvE%2fJY%3d",267,0.000273287923652706
"246","First Order",1,3,"Club","Men","Roanoke","VA","/teams/events/Eventteam/?TeamId=eZ%2boeAfFoWTS%2bBLdnD5fp%2ffHqceS8ZtZwgrqmcsG%2fUE%3d",93,0.000223232062894114
"247","Hippie Mafia",0,5,"Club","Men","Milwaukee","WI","/teams/events/Eventteam/?TeamId=8pr%2bAxVLBDjQ9xgdUVDOxdtzpQKP4EgplpF4TUvuGMw%3d",127,0.00017487261621132
"248","Brooklyn",0,4,"Grand Masters","Men","Brooklyn, USA","NY","/teams/events/Eventteam/?TeamId=Q0DWRH8bHeCTjfe7n1%2bqBvmEJlydiw0EGX8w0FJpbtA%3d",42,0.000153762271127242
"249","Gravy Train Wreck",1,6,"Masters","Men","Seattle","WA","/teams/events/Eventteam/?TeamId=y5cF30m%2b8nXV9JWPEz4Xj69CmpGmB0ykAbXzfTwXDCc%3d",116,0.000144451566449876
"250","Surly Cynic",9,6,"Masters","Men","Minneapolis","MN","/teams/events/Eventteam/?TeamId=G1jPq5tbdoOP982hhQL%2btGk60HEKsnIxWib4CloN4iM%3d",258,0.000136536409720239
"251","Old Growth",4,10,"Great Grand Masters","Men","Tacoma","WA","/teams/events/Eventteam/?TeamId=cku1jwAGDvr2zXQ0DSHQwEE8lV6M8TNAap441TcSTqU%3d",171,0.00012254966336133
"252","Sol Draft",2,5,"Beach Grand Masters","Men","Orlando","FL","/teams/events/Eventteam/?TeamId=BW%2bPxa0bEMqFYwO8QOEeHWEx8L9%2bUAiLQ0N0MlkChz0%3d",241,9.56125732560934e-05
"253","Naptown",6,6,"Masters","Men","Indianapolis","IN","/teams/events/Eventteam/?TeamId=6ht49EkD88EulaP%2bC%2fTAQyrgMj49WzauDOiztAKJAHY%3d",167,7.99955008245695e-05
"254","Sleepover at Lenin's",1,5,"Beach","Men","New York","NY","/teams/events/Eventteam/?TeamId=PTtDOJTvC0tuPLa9Djyvq%2bnHpWNpJrlFy1pOTPun77A%3d",236,7.29428324550166e-05
"255","Young OG's",0,2,"Masters","Men","San Diego","CA","/teams/events/Eventteam/?TeamId=A%2bl5E6Sx03g8IpXIUQgGW5P5WPy4AkkMQ8P6cRXrcUk%3d",290,5.44783449583102e-05
"256","Geronimo",7,6,"Masters","Men","Dallas/Fort Worth","TX","/teams/events/Eventteam/?TeamId=sI6j8fRhY7OI6A%2fewRtWA%2fUXK%2fXvtnGDgkODnLnIdxk%3d",105,4.36659179243397e-05
"257","wreckAge",6,2,"Great Grand Masters","Men","Sudbury","MA","/teams/events/Eventteam/?TeamId=N1HCepDv9oPIeytjXHEGxza7HGJPgOB9%2fTPcq648i3I%3d",287,3.09625518500052e-05
"258","Royal Stag",5,8,"Masters","Men","Madison","WI","/teams/events/Eventteam/?TeamId=oFKUYMUthNFdSstAQWdROuWEWGTHp3OBHyTxmOiqE7Q%3d",211,2.10255168414746e-05
"259","TriAged",4,4,"Great Grand Masters","Men","Raleigh","NC","/teams/events/Eventteam/?TeamId=9ltxw7dCUyB5laoJUWhu8q00gMADpvtrUZsb3kGQoNY%3d",268,1.32143407376565e-05
"260","Winnipeg",4,4,"Masters","Men","Winnipeg","Manitoba","/teams/events/Eventteam/?TeamId=cEbPTb5trHvkNcgMQ8crVhDSe6wXm2Kp%2bMfl%2fMdVuec%3d",284,1.16291206645325e-05
"261","s.u.r.l.y. BURNSIDE",0,2,"Masters","Men","Gresham","OR","/teams/events/Eventteam/?TeamId=YJtOi8yu1gk%2fscUiS4lj%2fv4zbS6Tg%2femuXrQKTtbOL8%3d",216,1.16018288982462e-05
"262","Surly",4,3,"Great Grand Masters","Men","Minneapolis","MN","/teams/events/Eventteam/?TeamId=exA%2fMCYwuDB%2bjOuUwhq4q93S2pW%2fN5lo42DyZklHMis%3d",255,9.1921264148724e-06
"263","(burnside) TIPP CITY",2,5,"Masters","Men","Portland","OR","/teams/events/Eventteam/?TeamId=Lk20C1S2Vhv8jVG69CY1pXJlbdFSG3im%2fpAKOJFvd%2bU%3d",3,8.65815317548075e-06
"264","Blazing Sandals",1,6,"Beach Grand Masters","Men","Lakeland","FL","/teams/events/Eventteam/?TeamId=1MZ5nuKiFIsjxnSQ3LzlRyxJYk3rcxPKdGQWGa1l2II%3d",33,8.41112485298049e-06
"265","Outlaw",4,9,"Masters","Men","Fayetteville","AR","/teams/events/Eventteam/?TeamId=nQxth9nWWrHl3Zw4l6DqAEikVous7%2b2jrUOthyoULqE%3d",175,7.23807216269015e-06
"266","Goatswitcher - Beach",1,6,"Beach Grand Masters","Men","Montgomery","AL","/teams/events/Eventteam/?TeamId=4fKVebTT5rHXkzFXX2nkVfQPhqWk9hjT4eJrrgfNEdI%3d",110,7.11052677630437e-06
"267","Polar Vortex",2,9,"Masters","Men","Chicago","IL","/teams/events/Eventteam/?TeamId=uvIL0CcO2A6Y29Lz58UuWvkKq7YsEWcsbiraD0IjYek%3d",185,5.68042624862032e-06
"268","Xtra Surly",0,6,"Masters","Men","Minneapolis","MN","/teams/events/Eventteam/?TeamId=9fHWCYvmyzukmUtvWEff5eVxEHrFuPqx9i0ZVtBowlc%3d",289,4.46634950369811e-06
"269","Endless Sunset GGM",3,4,"Great Grand Masters","Men","San Diego","CA","/teams/events/Eventteam/?TeamId=5KmNvsUjLfrxwYoHrqv2zRhJ5rPI08YnG84XPA5RLt0%3d",91,3.55344277017896e-06
"270","Great GrandMaster Flash",2,5,"Great Grand Masters","Men","Orlando","FL","/teams/events/Eventteam/?TeamId=7XpxfhNSQEPJWPTiorkFyVzf51Gb6NtoKhnEWNDJTNQ%3d",117,2.53925186152215e-06
"271","Grandmasters of the Universe",1,5,"Grand Masters","Men","Winnipeg","Manitoba","/teams/events/Eventteam/?TeamId=PjOza%2fb8SKx5xJzYiSZ2KNpH%2bSDdGJzyWJ4P%2bXemVCA%3d",114,2.07685909419391e-06
"272","AGE Against the Machine GGM",1,6,"Great Grand Masters","Men","Cincinanti","OH","/teams/events/Eventteam/?TeamId=8UOR1yuX7drdT%2bygtqRlQlg7nlVU8bYp7pxp9USxQvA%3d",6,1.42823647549554e-06
"273","Ozark Hillbillys",0,6,"Great Grand Masters","Men","Fayetteville","AR","/teams/events/Eventteam/?TeamId=ldL2sMOcUoSi4Yhy4EIX2UUCa%2bkyVsUoxvRk%2fKA6KRs%3d",176,7.31427060566046e-07
"274","Rudy and Friends",2,5,"Great Grand Masters","Men","Concord","MA","/teams/events/Eventteam/?TeamId=j9qFdALWiXjtL2kqDX1NwIJJLN5Xd12SxZjOkddrqGM%3d",212,7.10678241324118e-07
"275","FoG",0,5,"Masters","Men","Cincinnati","OH","/teams/events/Eventteam/?TeamId=UFwOLBjQUi3ksIrcOBWwB4ELFjunuPxZjrUBtypoFSs%3d",97,2.34728168089886e-07
"276","""Parkland"" PLU Alumni",0,0,"Club","Men","Parkland","WA","/teams/events/Eventteam/?TeamId=zDxyNvEId0CM1rQKhVVTSA%2b9vkIZIpGEr1ub30%2flr8Q%3d",2,0
"277","Allen's Army",0,6,"Club","Men","Orono","ME","/teams/events/Eventteam/?TeamId=Jd4Lwj5pZg%2fKksLsKyO0RVlfjYabefU7McVOTOIbOnE%3d",9,0
"278","Big D N R",0,4,"Grand Masters","Men","Dallas","TX","/teams/events/Eventteam/?TeamId=SGm6cHjjybsuJR3bcfB9lF6o4XVXmB2AEmyslMMCEwQ%3d",21,0
"279","Black Penguins Alumni",0,0,"Club","Men","Bourbonnais","IL","/teams/events/Eventteam/?TeamId=DKZfndjos18Fr%2f7lMabyEK4%2fhOJvFVumDLszmr3zFCM%3d",30,0
"280","Cal Grand Masters",0,5,"Grand Masters","Men","San Diego","CA","/teams/events/Eventteam/?TeamId=ogJSI984FQAEreo5XENX6khVcAahBlbyXoYIuxyAaY4%3d",46,0
"281","Clippers",0,2,"Masters","Men","Baltimore","MD","/teams/events/Eventteam/?TeamId=KE9NNqP3j%2f0Tvj5qyNMOdIqBGoPUGHSfrz94AxzX91k%3d",59,0
"282","curmudgeon",2,4,"Masters","Men","Houston","TX","/teams/events/Eventteam/?TeamId=q2uABCjPKwgoPbjELPNIQ3z1OarxY4EGIpX%2b6YEy4Yc%3d",69,0
"283","defunct",0,5,"Club","Men","Middlebury","CT","/teams/events/Eventteam/?TeamId=xc%2fxImgmy7G7QYBIo2ZKIGBavBL2X2GPLm1TA6alCFM%3d",77,0
"284","HOV Violators",1,1,"Masters","Men","Arlington","VA","/teams/events/Eventteam/?TeamId=d65bYnhIHdAaf9O1M%2fRf26wNkrJOdiJBtb5hAw8ZzHM%3d",132,0
"285","Legion",0,2,"Grand Masters","Men","Vancouver","British Columbia","/teams/events/Eventteam/?TeamId=qVdsMNm0TJKxUQXN0dwOo4MaEbsbtOudxzmzPKqBD8w%3d",149,0
"286","Marxmen",0,5,"Club","Men","Clifton","NJ","/teams/events/Eventteam/?TeamId=VH%2bGUOpf0SNjXimAqkn%2fAWC%2fYssAYg9VIgcGo1lCyJE%3d",155,0
"287","Miami Alumni",0,0,"Club","Men","Oxford","OH","/teams/events/Eventteam/?TeamId=8%2fsR9uHXu2bMAUIxUEaDxyZDAaTZ7CWPOv2L55IZevE%3d",158,0
"288","Mr Miyagi",0,5,"Masters","Men","Arlington","TX","/teams/events/Eventteam/?TeamId=Wzxt%2fKlkDFlmDmFGhcL8nYggONEsz%2bNK4z7mWDQpzNk%3d",164,0
"289","Reaper Alum",0,0,"Club","Men","Charleston","IL","/teams/events/Eventteam/?TeamId=Si%2bG%2bT%2bpU04F6rgqoxg5WUDx4N2a7%2biHKX4HppZ8Pgw%3d",193,0
"290","Rust Belt",0,4,"Grand Masters","Men","Greater Detroit","MI","/teams/events/Eventteam/?TeamId=ZApAIaWDS%2byAzdvRrWKMDEPw5w%2fmsWnC7eTRRpPA244%3d",215,0
"291","Woolly Mammoth",0,1,"Masters","Men","Gainesville","FL","/teams/events/Eventteam/?TeamId=PR9%2fJXRPIOKvYaLZO%2b3DpZnhB9dGVC%2fCPQI9oICKHB4%3d",286,0
