"","Team","Competition Level","Gender Division","Competition Division","College Region","College Conference","Wins","Losses","Links","Rating"
"1","Stanford","College","Women","Division I","Southwest","NorCal DI","19","3","/teams/events/Eventteam/?TeamId=faCvEuMFy23C4G8BHhXN5bNK3vSLwrtP1rTRsReJrTw%3d",22.571084905798
"2","Texas","College","Women","Division I","South Central","Texas DI","16","3","/teams/events/Eventteam/?TeamId=u92PZuIwLDsnzZotN6V3ycmxqrItAf6ivB9wAGa5RzM%3d",17.4320856952803
"3","UCLA","College","Women","Division I","Southwest","SoCal DI","18","4","/teams/events/Eventteam/?TeamId=XuZnaetsEFfw7Mi7zx9NO3tqY2G8yPobx7r1ukbjM0s%3d",16.6441261270393
"4","Dartmouth","College","Women","Division I","New England","Greater New England DI","16","3","/teams/events/Eventteam/?TeamId=TD1wPc1I0sgrpL%2b1X4GcAfprv67kxfwMicdhFf%2bHL2w%3d",12.5180948109654
"5","California","College","Women","Division I","Southwest","NorCal DI","16","9","/teams/events/Eventteam/?TeamId=mpzN%2fVnxZJJKtfn5A4%2fFlN030n0gCr87nO55aQmvB2o%3d",10.6675983148326
"6","Tufts","College","Women","Division I","New England","Metro Boston DI","17","3","/teams/events/Eventteam/?TeamId=NPK43YoRMkOdohg3cwwhJIMAS8fQ2q5wEqfyGodWFVc%3d",10.4194197443792
"7","Virginia","College","Women","Division I","Atlantic Coast","Virginia DI","22","2","/teams/events/Eventteam/?TeamId=Pa9hSBvBGBuVddUcFODw63s9LRWMO1lvMQ44E3VerlI%3d",9.3653407360204
"8","British Columbia","College","Women","Division I","Northwest","Cascadia DI","9","4","/teams/events/Eventteam/?TeamId=NNu4QDzdxmCc84pORcnIqUnQt0yr%2fW3rDg1e7G0pCXs%3d",7.96813748968702
"9","Oregon","College","Women","Division I","Northwest","Cascadia DI","16","10","/teams/events/Eventteam/?TeamId=N%2b7PzrXcPsKTx6%2b7vdtjUbmN0frrwfDm%2fVuoS02%2f5sg%3d",7.75728897369844
"10","Pittsburgh","College","Women","Division I","Ohio Valley","Pennsylvania DI","15","5","/teams/events/Eventteam/?TeamId=5slmE1sQQsinK38zekixhdaET5Mj7TP9tXv5TPF4NSk%3d",7.2295180510509
"11","Colorado","College","Women","Division I","South Central","Rocky Mountain DI","7","10","/teams/events/Eventteam/?TeamId=gusM8XMge2EY2DPbF8NPCjtiszB7UuMTxRwXBD0dJVc%3d",5.70094767722712
"12","Notre Dame","College","Women","Division I","Great Lakes","Eastern Great Lakes DI","16","4","/teams/events/Eventteam/?TeamId=NlgGmF5%2fHFFCFk0%2bit1Df4adVSNOl1Ab%2bLRZdw5gBHw%3d",5.06337828076951
"13","Southern California","College","Women","Division I","Southwest","SoCal DI","14","9","/teams/events/Eventteam/?TeamId=kYEAvqM6osoedNBKIjIgFJ7YmKzbwypoaisrdUYJ3k0%3d",4.94528893143744
"14","Carleton College","College","Women","Division I","North Central","Western North Central DI","11","8","/teams/events/Eventteam/?TeamId=NwrqWq7T52otvyL5c9Wsgq8nWWuA6j3c9jcVFfaUhNE%3d",4.77696228996591
"15","Ohio State","College","Women","Division I","Ohio Valley","Ohio DI","15","10","/teams/events/Eventteam/?TeamId=Wmb6gNGRpntGn1S3HGYdc6MliHJ1KaUc4NkMTm%2bOadg%3d",4.40023167450478
"16","California-San Diego","College","Women","Division I","Southwest","SoCal DI","13","9","/teams/events/Eventteam/?TeamId=4cRw9FDJ9oW5ffiKGabttFznjbbxQjlkLM9CmN%2fLa7k%3d",4.34735028572251
"17","Michigan","College","Women","Division I","Great Lakes","Eastern Great Lakes DI","9","11","/teams/events/Eventteam/?TeamId=VKxIKXEDdQLYPNLiXn0FibYcbr625nQBtm2CLlApId8%3d",4.26016188527103
"18","North Carolina","College","Women","Division I","Atlantic Coast","Carolina DI","13","6","/teams/events/Eventteam/?TeamId=gUiWjT9ywZbw1fX%2fupfcfpLQtBXRn%2bkZHPLcLj%2f5g8w%3d",3.96922396240467
"19","Florida","College","Women","Division I","Southeast","Florida DI","18","10","/teams/events/Eventteam/?TeamId=o2%2bgz5kZ4fEUJVq2NBLCaNWBn6DXEl6DRUkaIPd4bqA%3d",3.0690562023219
"20","Georgetown","College","Women","Division I","Atlantic Coast","Colonial DI","20","4","/teams/events/Eventteam/?TeamId=41GYrlDvmTeKymN9bt9oThwTqkV%2bzbvS%2fyhHFluWNlE%3d",2.93212360927003
"21","Kansas","College","Women","Division I","South Central","Ozarks DI","21","6","/teams/events/Eventteam/?TeamId=SJEwN6h039xYkq571Ag%2b6CaXtiMtHuwE2RNbj4dM8jY%3d",2.88248880692462
"22","Whitman","College","Women","Division I","Northwest","Big Sky DI","9","10","/teams/events/Eventteam/?TeamId=1uJ5zDTH88%2fhgLMZuxhunRtHhOkN%2ftD5V4YVm3aQgqU%3d",2.67556564334445
"23","West Chester","College","Women","Division I","Ohio Valley","Pennsylvania DI","14","4","/teams/events/Eventteam/?TeamId=l956kZyz0JpZ5LX%2bn6e0RfghY9QIumLsK6X218BRmYM%3d",2.61842523451113
"24","California-Davis","College","Women","Division I","Southwest","NorCal DI","16","10","/teams/events/Eventteam/?TeamId=9oWJlSxruUXZ5mlv%2ffljz7%2bjIEXyOft3F3nd1xt8dRI%3d",2.49138058929958
"25","Iowa State","College","Women","Division I","North Central","Western North Central DI","14","5","/teams/events/Eventteam/?TeamId=%2brbxZekO2c0nzlhiafO3HcIDdynbCestG6MixMijxUk%3d",2.43760394691467
"26","Liberty","College","Women","Division I","Atlantic Coast","Virginia DI","15","7","/teams/events/Eventteam/?TeamId=2KtfN4%2f1SybgbVEiL4BgCHwU%2fMt6UUhr2U99VtwS8gQ%3d",2.23892182746828
"27","North Carolina-Wilmington","College","Women","Division I","Atlantic Coast","Carolina DI","14","10","/teams/events/Eventteam/?TeamId=Svc7GD5ciYxSWUqtNiL4cLKPAHwbd2oHPX7pzv67rnI%3d",2.04553806357259
"28","Cornell","College","Women","Division I","Metro East","Western NY DI","25","2","/teams/events/Eventteam/?TeamId=z3eFI7xFYmutBzFzercqYtBoddv8p8SD9xT%2fuSyenkE%3d",1.95973213038716
"29","Vermont","College","Women","Division I","New England","Greater New England DI","13","6","/teams/events/Eventteam/?TeamId=tnSj9MDVfXpvFsGoAdunXjjhz4lGWDc0MjzUbRh3n5I%3d",1.91028911241185
"30","Colorado State","College","Women","Division I","South Central","Rocky Mountain DI","16","4","/teams/events/Eventteam/?TeamId=%2bXYlWj%2fs0LB%2f7GD0pgbUG7HQuDjd0CcmTehQxIz3HFs%3d",1.7028166671875
"31","Williams","College","Women","Division III","New England","South New England DIII","16","1","/teams/events/Eventteam/?TeamId=eFylP9zG4UAbOBCLlGiSOfrJQ8A1VY8UTp8Dk72Y2Ao%3d",1.52621876347692
"32","Penn State","College","Women","Division I","Ohio Valley","Pennsylvania DI","7","10","/teams/events/Eventteam/?TeamId=orJfAYX9d9xX5aNHwn6ARbtRoljCE%2byc1OR9fWc%2bH0c%3d",1.45747630664626
"33","Chico State","College","Women","Division I","Southwest","NorCal DI","13","4","/teams/events/Eventteam/?TeamId=u62GZSQFWTchsABWE%2blS%2fvEhyhFdrsDImTA25vuNNSA%3d",1.40336447014988
"34","Boston College","College","Women","Division I","New England","Metro Boston DI","12","2","/teams/events/Eventteam/?TeamId=0DKZAY%2fClTUlcMJNV3ErO3mO58jDb9XDosf9Qieitw0%3d",1.30600824007763
"35","Minnesota","College","Women","Division I","North Central","Western North Central DI","6","7","/teams/events/Eventteam/?TeamId=8j5IDNJ2mmTGHEB4J6akgvGmZ8yE2cNy5JBF8u4xkFM%3d",1.25313105429269
"36","Georgia Tech","College","Women","Division I","Southeast","Southern Appalachian DI","11","12","/teams/events/Eventteam/?TeamId=DtIkXqr2fcyHHJBWO2ns59w6%2bSp8mxYkyTyUVOAlCu0%3d",1.18876346838945
"37","Carleton College-Eclipse","College","Women","Division III","North Central","North Central DIII","11","5","/teams/events/Eventteam/?TeamId=m1DkV3n9%2fo6kLW3AWLG7dSvPceEGoEnC07SgyHdhOK0%3d",1.11418745211738
"38","Duke","College","Women","Division I","Atlantic Coast","Carolina DI","12","2","/teams/events/Eventteam/?TeamId=H0uZQmihXxCKUXgWlkzCXx5G%2fXPHpts6WN1HLnsXyek%3d",1.09973933553238
"39","Western Washington","College","Women","Division I","Northwest","Cascadia DI","4","8","/teams/events/Eventteam/?TeamId=PUsywval7dv8Gpn8URBwtPJx0bimD74i1mIOA7RYAzU%3d",1.07199590085781
"40","North Carolina State","College","Women","Division I","Atlantic Coast","Carolina DI","12","6","/teams/events/Eventteam/?TeamId=U3CpEGnLUG%2f8JDXI0pkPpdfrjLKb%2fyp2Ee0Nh1vDQSs%3d",1.06559565531813
"41","California-Santa Barbara","College","Women","Division I","Southwest","SoCal DI","6","9","/teams/events/Eventteam/?TeamId=DJU6wjdQQDTsL30jYJPTxbDqfQKHf0CfbILG%2f2T%2bR2w%3d",1.00583942163209
"42","Cal Poly-SLO","College","Women","Division I","Southwest","SoCal DI","11","6","/teams/events/Eventteam/?TeamId=zeFWx%2f3rImfgKOs0kwsvgR2NRLIxtgYapZk6iqVi8Wo%3d",0.992536140065195
"43","Washington","College","Women","Division I","Northwest","Cascadia DI","6","13","/teams/events/Eventteam/?TeamId=IdzlN7L1l6MEgyweYTbtLfoXm5eOhDnr%2fbrKUDrh8oU%3d",0.922726554984708
"44","Kennesaw State","College","Women","Division I","Southeast","Southern Appalachian DI","11","2","/teams/events/Eventteam/?TeamId=SsDArHe7imZC0wDTMqr4zR7HCndeywtem5EJ8BadDeg%3d",0.914429971780608
"45","Colorado College","College","Women","Division I","South Central","Rocky Mountain DI","6","12","/teams/events/Eventteam/?TeamId=shxGM7ge4qsLfJqbKelBfpY9r18Q46xoRk%2fFK19%2bMTU%3d",0.88812669623439
"46","Columbia","College","Women","Division I","Metro East","Eastern Metro East DI","9","3","/teams/events/Eventteam/?TeamId=xtcmP99PffxjvtIyS%2bClt6%2fpSpsjbnF7TEqh3uZ9fhw%3d",0.842372067724368
"47","Sonoma State","College","Women","Division I","Southwest","NorCal DI","6","9","/teams/events/Eventteam/?TeamId=aPid5g7Rl4Q5qYAko8Yqlxuj4UzkDk60VNXenGREtRE%3d",0.835805125011113
"48","Portland","College","Women","Division III","Northwest","Northwest DIII","13","3","/teams/events/Eventteam/?TeamId=boldYMSHhHP%2fZnPS3hRcZoFizEykg5NrAUy8Le16Ij0%3d",0.779984760459563
"49","Florida State","College","Women","Division I","Southeast","Florida DI","14","12","/teams/events/Eventteam/?TeamId=jmdXQMKsoEqlx%2fndlWxqZBHFZdN2arSj%2f2sZBXI8DRw%3d",0.76079821086531
"50","Wisconsin","College","Women","Division I","North Central","Lake Superior DI","7","13","/teams/events/Eventteam/?TeamId=s7xC%2f2JqXAnPXLgnWZds6lD4Xh62tSZbI6PBAr2tEsk%3d",0.750699550079498
"51","Georgia","College","Women","Division I","Southeast","Southern Appalachian DI","10","11","/teams/events/Eventteam/?TeamId=bv0piAGJ2T9Ulg9%2b2sCDhNKmdutHSSEi2i%2bOOiBQi%2bQ%3d",0.612188298944017
"52","West Virginia","College","Women","Division I","Ohio Valley","Pennsylvania DI","11","1","/teams/events/Eventteam/?TeamId=UcqpwvFK6qHgsIMb1%2bQ0RQQ4t3UI0sGqH9pI2SuYtZg%3d",0.597999093728792
"53","Auburn","College","Women","Division I","Southeast","Gulf Coast DI","16","3","/teams/events/Eventteam/?TeamId=Itxp5yUgi7zE4VdHsGbImiqfb0PKZnjdDCsLW3cTj38%3d",0.583764407407303
"54","Cincinnati","College","Women","Division I","Ohio Valley","Ohio DI","8","4","/teams/events/Eventteam/?TeamId=EKcCmU1buLMPwucVJ41IhnLUPJjh4t0WpX7p780w67s%3d",0.55596947649243
"55","Delaware","College","Women","Division I","Atlantic Coast","Colonial DI","7","6","/teams/events/Eventteam/?TeamId=aLhdH%2bEG4J1Z74u6Uku9dzsribdKZiM1EWzcxU2rYYA%3d",0.550997478487276
"56","Chicago","College","Women","Division I","Great Lakes","Illinois DI","11","7","/teams/events/Eventteam/?TeamId=agCGUT6w3uLl52%2boCeMfULuFyIJNEZVN2aIIzIKG3Zg%3d",0.522157668741176
"57","Clemson","College","Women","Division I","Atlantic Coast","Carolina DI","8","9","/teams/events/Eventteam/?TeamId=A%2fGcWvr8lK3AqaY31RTjqGpSrTNEzkjXh8ouRi%2bSqEM%3d",0.502102103495352
"58","Central Florida","College","Women","Division I","Southeast","Florida DI","9","7","/teams/events/Eventteam/?TeamId=Fau2WHfLb7iXwh2CX%2fZRdzDu%2bK0SGFkO9nChSfiku38%3d",0.483136904657493
"59","Brigham Young","College","Women","Division I","Northwest","Big Sky DI","8","7","/teams/events/Eventteam/?TeamId=GyIWE10yaReEHY1YEkoUTP7LiB%2bwS%2fGAo%2bK8ykiHGeE%3d",0.449756974010428
"60","Northeastern","College","Women","Division I","New England","Metro Boston DI","6","14","/teams/events/Eventteam/?TeamId=ULMADbe8rb3kbp2F%2bq8VcYK7N3CyYNSTUrRhhBajqEI%3d",0.439843822663295
"61","South Carolina","College","Women","Division I","Atlantic Coast","Carolina DI","11","6","/teams/events/Eventteam/?TeamId=Ec801WfT2iJGXPljM5d9a1n%2fDibbrJRchytByoIGi%2b4%3d",0.431624709637171
"62","Northwestern","College","Women","Division I","Great Lakes","Illinois DI","9","10","/teams/events/Eventteam/?TeamId=uFEJJHpXo%2bfg21QK51DzML51WaHXso20o%2bnS2oItlEI%3d",0.389973633360125
"63","Bowdoin","College","Women","Division III","New England","North New England DIII","8","2","/teams/events/Eventteam/?TeamId=8wF5GL2mV8K8mXy8Et985w2ZPG%2fg6XXKx7l0kuoRxgo%3d",0.38366459526192
"64","Carnegie Mellon","College","Women","Division I","Ohio Valley","Pennsylvania DI","13","6","/teams/events/Eventteam/?TeamId=2pz1%2fq7NMIFoTZztaRm7%2fG5t3F0nBgKYyKtI%2b4WCKvU%3d",0.361089844970282
"65","Denver","College","Women","Division I","South Central","Rocky Mountain DI","13","5","/teams/events/Eventteam/?TeamId=iqD37pXMEw%2bbep2hg73k0Dmy4f%2fW8iB2A1kScChAPks%3d",0.35136326620317
"66","Victoria","College","Women","Division I","Northwest","Cascadia DI","6","8","/teams/events/Eventteam/?TeamId=UFP4dGqMw9CL%2fXnILhJSGCjhepT4PajAMtAv0G%2bHVcg%3d",0.333684864840423
"67","Maryland","College","Women","Division I","Atlantic Coast","Colonial DI","13","11","/teams/events/Eventteam/?TeamId=W1rKBAklwdksFfw8T6J9s4%2bxJKknScR1Ch%2fjCxUT3lk%3d",0.316413147311348
"68","Pennsylvania","College","Women","Division I","Ohio Valley","Pennsylvania DI","10","7","/teams/events/Eventteam/?TeamId=KsbbG3e9hjvAPR2z6FSEWQzX%2fcviJhYoJV1DW0lq8J8%3d",0.315617344694475
"69","Connecticut","College","Women","Division I","Metro East","Eastern Metro East DI","11","2","/teams/events/Eventteam/?TeamId=Bw4X5kH8%2blNFkm5DaoSpE5jxLAuEIme1R0yGOLdU40c%3d",0.315566985633997
"70","Harvard","College","Women","Division I","New England","Metro Boston DI","12","5","/teams/events/Eventteam/?TeamId=hUSGGPgTIUluMR1pCr5MFkf08km7d8twZk9M7y%2fIkXc%3d",0.310971698443742
"71","Montana","College","Women","Division I","Northwest","Big Sky DI","2","8","/teams/events/Eventteam/?TeamId=%2bquXdUAgZAajPeHi%2bR0xZ8cjX%2fbKKXJCONCoXZbka4I%3d",0.310542328806651
"72","Illinois","College","Women","Division I","Great Lakes","Illinois DI","6","7","/teams/events/Eventteam/?TeamId=JSxn5P2QdOHgK8bbGkZKmRGsGfa9vnfIpy%2bL7zmaV3Q%3d",0.309351174428293
"73","Case Western Reserve","College","Women","Division I","Ohio Valley","Ohio DI","10","2","/teams/events/Eventteam/?TeamId=kNe%2fJLR%2bW0SBoryXfzjmdrmGKfe16ctQxrfLF5S6TKE%3d",0.298239522006927
"74","Utah","College","Women","Division I","Northwest","Big Sky DI","7","7","/teams/events/Eventteam/?TeamId=m73fSOCvwN44i%2bdz5xhcrmYANr7M%2b367mEqrQV480Jw%3d",0.282229398551573
"75","Missouri State","College","Women","Division I","South Central","Ozarks DI","9","3","/teams/events/Eventteam/?TeamId=lQi4946YJw5WX0JUGsWbg7u6O1AGwvMzgWpfvN6XWtM%3d",0.277915860445172
"76","Princeton","College","Women","Division I","Metro East","Eastern Metro East DI","13","5","/teams/events/Eventteam/?TeamId=M4c6NyH72wgD7XUnMNbMsdoZ6EgQKLymSYLik7QJxSE%3d",0.272234367486892
"77","Washington University","College","Women","Division I","South Central","Ozarks DI","6","13","/teams/events/Eventteam/?TeamId=AUu2RJq%2fMZhVFRQ%2bgXi45cGambK9DC4ICUIW5EXpf9E%3d",0.270208063854897
"78","San Diego State","College","Women","Division I","Southwest","SoCal DI","6","8","/teams/events/Eventteam/?TeamId=ZX33qMLWLJpIN8Fwl2GmKbFrK9uy%2bf48Lpc5GHGCZ9o%3d",0.268383097260071
"79","Allegheny","College","Women","Division III","Ohio Valley","Pennsylvania DIII","5","6","/teams/events/Eventteam/?TeamId=GinWetxm%2fZvZ0N%2fUTK%2bWtlzBHHljo7gF5JVni%2fRSsKM%3d",0.262698456721453
"80","Puget Sound","College","Women","Division III","Northwest","Northwest DIII","8","6","/teams/events/Eventteam/?TeamId=wp3pykW%2f%2bMusNgMn%2fqmhWXbVCwKKbLZPsolU3A2HUY0%3d",0.262385069208061
"81","Truman State","College","Women","Division III","South Central","South Central DIII","14","6","/teams/events/Eventteam/?TeamId=4dGkX7XixfnEBcwY0prdutLhYCSbw4%2bsWkRMSjvap%2fQ%3d",0.252932056059071
"82","Iowa","College","Women","Division I","North Central","Western North Central DI","11","8","/teams/events/Eventteam/?TeamId=RzDNayJWB2ePNdEnK1FH06lYuuLybCNh%2fKB2mk0OzQo%3d",0.239747912247394
"83","Oregon State","College","Women","Division I","Northwest","Cascadia DI","8","3","/teams/events/Eventteam/?TeamId=ceWhAnmm9hJmU5H3pBVY9tSZB3SU0vYtVD263mLD3yo%3d",0.22264281920464
"84","Idaho","College","Women","Division I","Northwest","Big Sky DI","6","8","/teams/events/Eventteam/?TeamId=heaBQJF9A6cDlIfU2KSi7kzDoIOFWI7yo8fN1tmS6Q4%3d",0.222321487034634
"85","St Olaf","College","Women","Division III","North Central","North Central DIII","6","7","/teams/events/Eventteam/?TeamId=L%2bnaiOICsvpoS48z0cK2A4y5EqRNtneUxyv3GkY%2fTAo%3d",0.221329781575733
"86","Boise State","College","Women","Division I","Northwest","Big Sky DI","3","7","/teams/events/Eventteam/?TeamId=%2fmrjSLct5hWpusPeWOwZTJiyMEPJsnI52zcXdqr5WnE%3d",0.200686435566096
"87","Santa Clara","College","Women","Division I","Southwest","NorCal DI","5","6","/teams/events/Eventteam/?TeamId=fXsHBrvEI2JiOxJlZpAPzgDzHgT%2fRn8ozlHpu1Swu1Y%3d",0.196050548991824
"88","Indiana","College","Women","Division I","Great Lakes","Eastern Great Lakes DI","15","5","/teams/events/Eventteam/?TeamId=aAUiRYJmi6fw7gapfnv1FuUHeQxTcbKFVsaQVRX9poU%3d",0.192665631987303
"89","Vanderbilt","College","Women","Division I","Southeast","Gulf Coast DI","8","4","/teams/events/Eventteam/?TeamId=Gjdks5Kn%2fHZp8OehEx6z61TWqGyQ5vL4MZqTxqmqfac%3d",0.191052395711903
"90","Valparaiso","College","Women","Division III","Great Lakes","Great Lakes DIII","8","3","/teams/events/Eventteam/?TeamId=gvN1mHREvSjJRrohwFOoXwvSgaqraYU7eAfSOE64BMg%3d",0.187121710121813
"91","Skidmore","College","Women","Division III","Metro East","Eastern Metro East DIII","9","2","/teams/events/Eventteam/?TeamId=9g%2fJ3kuVswmmR0dJI%2byhKObxGUmF0Y8Dxy9WKYxHRdc%3d",0.185744442801882
"92","George Mason","College","Women","Division I","Atlantic Coast","Virginia DI","14","5","/teams/events/Eventteam/?TeamId=yJdYfZOkNxNg9xjDxGi2v5CRYZImONJavWr5UBkehso%3d",0.183019942926549
"93","Akron","College","Women","Division I","Ohio Valley","Ohio DI","8","4","/teams/events/Eventteam/?TeamId=b6POmTmChPnl0QrwX47ca3ZTz7NInHZIfPtXzFS7seU%3d",0.180845978241531
"94","California-Santa Cruz","College","Women","Division I","Southwest","NorCal DI","6","11","/teams/events/Eventteam/?TeamId=jaq4l3e%2bBkW1BWT%2bIp8Kiv8AHuy%2bKXIEH2llLgEF5Ys%3d",0.159624012271717
"95","American","College","Women","Division I","Atlantic Coast","Colonial DI","6","5","/teams/events/Eventteam/?TeamId=CR0FpeYVM%2bYJIcfmKkeghScWAbp9GrMeSaJoWNdSXWg%3d",0.157965642014558
"96","Emory","College","Women","Division I","Southeast","Southern Appalachian DI","8","9","/teams/events/Eventteam/?TeamId=YjH5Be5SmJItq9F6JJEz0uJmsB1dnEmdrcQeSWjuQrU%3d",0.157355367362708
"97","Massachusetts","College","Women","Division I","New England","Greater New England DI","3","8","/teams/events/Eventteam/?TeamId=%2fNwIx0WpSu9ZujXwVbVps7GeOjB1Rn8z9DGw6%2bQDga8%3d",0.15531169548063
"98","Amherst","College","Women","Division III","New England","South New England DIII","7","4","/teams/events/Eventteam/?TeamId=sZdp9PlEFWU%2frLprBgUM8B7hFFTSm3o0bW%2fPg3wr2Xw%3d",0.149672029816297
"99","Tennessee","College","Women","Division I","Southeast","Southern Appalachian DI","9","9","/teams/events/Eventteam/?TeamId=tOJG0nZoYyy9evPyp1X2K4ARJJqDEwGyV8uBP77OFxA%3d",0.147794105655935
"100","Arizona","College","Women","Division I","Southwest","Desert DI","8","8","/teams/events/Eventteam/?TeamId=GGkstaja3nRBZNrxxa4PurKWoj4KYLu5vW4yBo7AqvU%3d",0.141104968611162
"101","Brown","College","Women","Division I","New England","Greater New England DI","8","11","/teams/events/Eventteam/?TeamId=lnRQKGhhWqRexTEXdHbQUe6cnZF%2fJcwaIxUwEjNwvKE%3d",0.135524567105739
"102","Towson","College","Women","Division I","Atlantic Coast","Colonial DI","11","6","/teams/events/Eventteam/?TeamId=r%2bkga8S3ZWaK9BH7Gt%2fLJsN%2bID90K4uVopcWvNeVwJ8%3d",0.135406529326482
"103","Arizona State","College","Women","Division I","Southwest","Desert DI","6","10","/teams/events/Eventteam/?TeamId=9QmSNfSq%2fuqxIIn55N8CGSqeSki6bWQ3qBrHOaLjnYk%3d",0.123842081995293
"104","Tulane","College","Women","Division I","Southeast","Gulf Coast DI","5","8","/teams/events/Eventteam/?TeamId=2O31tH2qw7RJ%2b7Px1WgeZNK7%2bmtQkbk7T%2bkm6QvmVRg%3d",0.120066113652951
"105","James Madison","College","Women","Division I","Atlantic Coast","Virginia DI","12","6","/teams/events/Eventteam/?TeamId=WFUpgjT3pvD6aoINFhtL0TeJWbGmy3nwazzUUQCGiM4%3d",0.118132655138406
"106","Boston University","College","Women","Division I","New England","Metro Boston DI","10","4","/teams/events/Eventteam/?TeamId=WV8hpuEUdoOM%2bSCQhvx3JRA5eB6Hi%2bQh8Tg28Ooch6g%3d",0.117727660379015
"107","SUNY-Binghamton","College","Women","Division I","Metro East","Western NY DI","8","5","/teams/events/Eventteam/?TeamId=2jwCbVfS5qpHZcr1txN4VuzZUFzEnBVPZR1uEStLFkI%3d",0.116759979249751
"108","Rutgers","College","Women","Division I","Metro East","Eastern Metro East DI","9","8","/teams/events/Eventteam/?TeamId=ZZNJwc4iiudiN5Om3Ws%2beqaK4p3IhqoGVlPOM9mMNNk%3d",0.110724399218279
"109","Winona State","College","Women","Division I","North Central","Western North Central DI","7","4","/teams/events/Eventteam/?TeamId=9I5u8GMaMXrdSNJXxjjGXqJRDY%2feUJRZnqFeetZTj38%3d",0.109974777709669
"110","Lehigh","College","Women","Division III","Ohio Valley","Pennsylvania DIII","7","11","/teams/events/Eventteam/?TeamId=pQBlM8xf4PnlBhv%2bwf73CdEq63KdVknYL1%2fxfZJ2cFU%3d",0.108784139249642
"111","Claremont","College","Women","Division III","Southwest","SoCal DI","3","6","/teams/events/Eventteam/?TeamId=9C95jEk9hknjbpo9tEQnyOJW4x3j%2bAho7KYtkbMArdI%3d",0.0969695484285393
"112","Nebraska","College","Women","Division I","North Central","Western North Central DI","8","11","/teams/events/Eventteam/?TeamId=dIGmJoZvLHtinILYzLm7YGeRIlmrhEieXs07eRyQmK8%3d",0.0949165141175134
"113","Rochester","College","Women","Division I","Metro East","Western NY DI","9","4","/teams/events/Eventteam/?TeamId=D%2bwhutq9Ty0zZXGinjjOv95wohSCiQ8f4Cw%2fmlGfFaw%3d",0.0920226271723027
"114","LSU","College","Women","Division I","Southeast","Gulf Coast DI","10","7","/teams/events/Eventteam/?TeamId=vvoDLhQNZW88z2QwVnJSES1zhstejPuhlzZfRm10Fi0%3d",0.0840601208684551
"115","Bates","College","Women","Division III","New England","North New England DIII","7","3","/teams/events/Eventteam/?TeamId=hONT5IoYyMOej8m%2fgVn5s2Q7Pvd%2bknoOF5NeCCUZj8I%3d",0.0839985295040312
"116","Grinnell","College","Women","Division III","North Central","North Central DIII","7","7","/teams/events/Eventteam/?TeamId=WxraChEEU%2fWzWRJGpJYI0mFJdA6oMf3Jx7ui%2bFSECFo%3d",0.0834054018585254
"117","Temple","College","Women","Division I","Ohio Valley","Pennsylvania DI","8","10","/teams/events/Eventteam/?TeamId=I%2bkexAPcQK%2b%2b3gBCnnWehnCQ33mVsqzgW4bhymZXq6c%3d",0.0829509988622135
"118","College of New Jersey","College","Women","Division III","Metro East","Eastern Metro East DIII","5","7","/teams/events/Eventteam/?TeamId=YTf0guwmOh7uTbvFwtAuq7pQLHB3%2berfA3Px2D3s8wY%3d",0.0818924387639878
"119","Haverford","College","Women","Division III","Ohio Valley","Pennsylvania DIII","3","9","/teams/events/Eventteam/?TeamId=C9rF5TVDf6p7dt1CLN%2fh70cv1rPoWOTRIMJzA4Ghovw%3d",0.081287793701913
"120","Colorado B","College","Women","Developmental","South Central","Rocky Mountain DI","5","3","/teams/events/Eventteam/?TeamId=Ix5A%2fdLQlj%2b8aQtCi6yP6CwR3sloQzTMMcXO3Nj87xY%3d",0.0780480153583634
"121","Mount Holyoke","College","Women","Division III","New England","South New England DIII","5","5","/teams/events/Eventteam/?TeamId=gHteUx32cCZ0teqOvgZpTvcIRVwxLDJDC17R4rRXoeU%3d",0.074519280729387
"122","Arkansas","College","Women","Division I","South Central","Ozarks DI","7","5","/teams/events/Eventteam/?TeamId=QmXZSEyPsRsD60gzDD4yzfgnDIaYhlsMftuA6kQazpQ%3d",0.0744668419720437
"123","John Brown","College","Women","Division III","South Central","South Central DIII","15","4","/teams/events/Eventteam/?TeamId=vCGDnpUUe%2b6vjco%2fixY%2bDyz8sLTg1l%2bvi44Dd52iJis%3d",0.0732427084366375
"124","Wellesley","College","Women","Division III","New England","Metro Boston DIII","9","9","/teams/events/Eventteam/?TeamId=vt84CP34%2fFazTyLOhK1QXJKUAZvQSR86c6kvK86VtwQ%3d",0.0725391714949041
"125","Wisconsin-La Crosse","College","Women","Division I","North Central","Lake Superior DI","4","5","/teams/events/Eventteam/?TeamId=WbVlJ5h6FZb%2f4K7Q91zQhnIGXRPmleIaU0Iwi2EkMRU%3d",0.0686740275689839
"126","Saint Louis","College","Women","Division I","South Central","Ozarks DI","8","5","/teams/events/Eventteam/?TeamId=T86Mv6q2QCHumzA7xAVDXi4Z%2b8hZKs%2fjiyp3KP3Jq%2bM%3d",0.0683944264811096
"127","Pacific Lutheran","College","Women","Division III","Northwest","Northwest DIII","9","2","/teams/events/Eventteam/?TeamId=sg%2fcrVBbhBaVST%2buG183vDa8DQj%2ble1UlMzJJ%2b4bSQk%3d",0.0668903861042488
"128","Occidental","College","Women","Division III","Southwest","SoCal DI","5","7","/teams/events/Eventteam/?TeamId=bBtPSQ8H6VIzp54qeLSVVu1odv03c%2bGnSE6%2fBM%2f8qJU%3d",0.0641357079899686
"129","Nevada-Reno","College","Women","Division I","Southwest","NorCal DI","3","8","/teams/events/Eventteam/?TeamId=FC3FeLHq4toa7apaT37TvxdWBBcbpeEuay3NhIqn5mQ%3d",0.062203221464748
"130","Alabama","College","Women","Division I","Southeast","Gulf Coast DI","16","9","/teams/events/Eventteam/?TeamId=nBs0jW40%2fYHvq1%2blK9%2fb9GkEYJB8rmulUoqvctJuD6Y%3d",0.062023503925624
"131","Delaware B","College","Women","Developmental","Atlantic Coast","Atlantic Coast Dev","9","3","/teams/events/Eventteam/?TeamId=y9IFgkb6NzHEmGspnlR0TfD2Cbro0CSMaRFIgAlDQhc%3d",0.0614520536485818
"132","Texas Christian","College","Women","Division I","South Central","Texas DI","10","7","/teams/events/Eventteam/?TeamId=BRqsin2RkfHTSmhvvtT%2bNmcIObj4FwArhRoj4Tk7Z%2bk%3d",0.0602406565394269
"133","SUNY-Buffalo","College","Women","Division I","Metro East","Western NY DI","4","7","/teams/events/Eventteam/?TeamId=1tENDiwB18qc5Gmhqc8k8P%2fs%2b1m2EhvyCDc%2fMb2nygU%3d",0.0586085588151331
"134","Lewis & Clark","College","Women","Division III","Northwest","Northwest DIII","2","12","/teams/events/Eventteam/?TeamId=MAtH99eyVF%2fBNIo9YVs37Icj5hCUHkR0aDjEkSpc5bs%3d",0.0573881427920997
"135","South Florida","College","Women","Division I","Southeast","Florida DI","6","8","/teams/events/Eventteam/?TeamId=daMfgoV%2fFC3QiRkjRz6JGj0Qdsiq3tRL6OJPXiuJnPA%3d",0.0569415331403052
"136","Catholic","College","Women","Division III","Atlantic Coast","Atlantic Coast DIII","8","10","/teams/events/Eventteam/?TeamId=dSGFsvKj6zvGLr%2fhRkna1LNL8d97VCwRnLdpauEMick%3d",0.0538409420253158
"137","Luther","College","Women","Division III","North Central","North Central DIII","5","6","/teams/events/Eventteam/?TeamId=5w67pNwS3iH7Il2telvK3dsSCeFPNq6xPnsm%2fXbOovI%3d",0.0532160794962358
"138","Wisconsin-Milwaukee","College","Women","Division I","North Central","Lake Superior DI","3","7","/teams/events/Eventteam/?TeamId=5grHBEk6Xyzb7UV%2faUbhO6I%2bHjdc%2fhvZ0NOkDZ88Ueo%3d",0.0514743302377543
"139","Mississippi","College","Women","Division I","Southeast","Gulf Coast DI","8","10","/teams/events/Eventteam/?TeamId=hf6gYBOFCjfpkx4O0i3qNp8RNBykLjvv4iKYWu%2b%2fuyQ%3d",0.0504365261109743
"140","Michigan State","College","Women","Division I","Great Lakes","Eastern Great Lakes DI","9","3","/teams/events/Eventteam/?TeamId=TXE8qaKVyTgzR2zFYJaBdy5P4NZSa7uB68qpqGeMFEU%3d",0.0502633593294859
"141","Maryland B","College","Women","Developmental","Atlantic Coast","Atlantic Coast Dev","8","3","/teams/events/Eventteam/?TeamId=N%2fQ8jJSeUMS03GlsdMmW%2bVmcM4yHG1IRKQVnOe%2bhdgk%3d",0.0488557491978834
"142","Messiah","College","Women","Division III","Ohio Valley","Pennsylvania DIII","5","9","/teams/events/Eventteam/?TeamId=DovRfRZgvlH9STkPSvlp%2bow5fFxaFESZejVKiTsWqLY%3d",0.0486790788186627
"143","Georgia Southern","College","Women","Division I","Southeast","Southern Appalachian DI","2","9","/teams/events/Eventteam/?TeamId=gYz89kpazF4fNzjx5GpMlSlt48pyYoZOW8PbHXCxIAs%3d",0.0482240190280876
"144","Dickinson","College","Women","Division III","Ohio Valley","Pennsylvania DIII","3","6","/teams/events/Eventteam/?TeamId=lDBoZiO1XJXUYBjub%2bpEO2Yy9s5zkxVZJnhC0ntGE58%3d",0.0460442214507184
"145","SUNY-Stony Brook","College","Women","Division I","Metro East","Eastern Metro East DI","8","4","/teams/events/Eventteam/?TeamId=V46IwX86LSY0twm4ulc9%2f7lEyfGB8h0R2FuyDM4t7Qk%3d",0.042192637437917
"146","St Benedict","College","Women","Division III","North Central","North Central DIII","6","5","/teams/events/Eventteam/?TeamId=qE57UeJ7BtJHPoguGjlsKPzQufnim7BjkA4ikMkdJiI%3d",0.0396241730676682
"147","NYU","College","Women","Division I","Metro East","Eastern Metro East DI","11","9","/teams/events/Eventteam/?TeamId=G0XzI8MIhfmYY910WaUIg2Qlo5s7veWeiWEhVV19vyc%3d",0.0394524332083125
"148","Swarthmore","College","Women","Division III","Ohio Valley","Pennsylvania DIII","3","13","/teams/events/Eventteam/?TeamId=TL8nNMzOhB%2fV6tENL0mEwHerci5XDIBJ4lk%2fFFi5E2U%3d",0.0383839548949376
"149","Rice","College","Women","Division III","South Central","South Central DIII","9","7","/teams/events/Eventteam/?TeamId=Yh65PySVpe3r%2bS1fB%2fV0LYxh3QwQOKwcC1I091GG4Tk%3d",0.0358197724093874
"150","Purdue","College","Women","Division I","Great Lakes","Eastern Great Lakes DI","7","5","/teams/events/Eventteam/?TeamId=uoW7qWFewpnqAbt6kpoRU%2f3J6PixbuhlM%2blOtEsrR3c%3d",0.0341699626215108
"151","DePaul","College","Women","Division I","Great Lakes","Illinois DI","6","4","/teams/events/Eventteam/?TeamId=V0eo6r%2b3r14Qh9s9D%2fPvlY%2ft75afsqbWo1epA7Eaf6w%3d",0.0340150742106504
"152","Oklahoma","College","Women","Division I","South Central","Ozarks DI","9","8","/teams/events/Eventteam/?TeamId=9mZQ4N3JWR5vmMZ6tScE2Yw4s8ZRoyLCWiOsN9YRV98%3d",0.0327208517083374
"153","Wooster","College","Women","Division III","Ohio Valley","Ohio DIII","8","2","/teams/events/Eventteam/?TeamId=oJc5aIAyNkb3FqIWQjXcqzoiDsUt%2frp7pzylVPu0xqk%3d",0.031693546030549
"154","Loyola-Chicago","College","Women","Division I","Great Lakes","Illinois DI","6","4","/teams/events/Eventteam/?TeamId=wA1gxuuk96SzU4NK888bfnSTfVbYmlvYOzOJkgIf2mo%3d",0.0314202688021376
"155","Texas State","College","Women","Division I","South Central","Texas DI","4","8","/teams/events/Eventteam/?TeamId=8hF8JcZo%2fNSinJjoa93cz6q5CXHLrbjO476VNl9NbME%3d",0.029124701847205
"156","Alabama-Birmingham","College","Women","Division I","Southeast","Gulf Coast DI","4","11","/teams/events/Eventteam/?TeamId=lNM2yT%2bAZhtfCf8sNm5JV1gWawLbzGeogz3koHhR2J8%3d",0.0275844002018869
"157","Drexel","College","Women","Division I","Ohio Valley","Pennsylvania DI","2","9","/teams/events/Eventteam/?TeamId=FpEZjrEKa3XUqrhNpNgpsERhAiUcTQ43ogBysspzAQc%3d",0.0268296982960998
"158","Mississippi State","College","Women","Division I","Southeast","Gulf Coast DI","7","13","/teams/events/Eventteam/?TeamId=CFMhcAxHEfHffUDP1PRL%2b7IsYsD94O0LtIDHGqJQls4%3d",0.0236892792451502
"159","Oberlin","College","Women","Division III","Ohio Valley","Ohio DIII","6","4","/teams/events/Eventteam/?TeamId=DLHU3Jn2ogr30qcwEHhNI27kWRV8e9ROK0n%2fEYBXTik%3d",0.0230419070447854
"160","Missouri S&T","College","Women","Division III","South Central","South Central DIII","7","6","/teams/events/Eventteam/?TeamId=3hXStfnyuMBmM0GcOQ1y8XfbyaUgfxiXsiTT5FwrU4E%3d",0.022794266455146
"161","California-Irvine","College","Women","Division I","Southwest","SoCal DI","2","8","/teams/events/Eventteam/?TeamId=4Ey%2ffFygOoPQ3FtKJZIPsdfCt7MMmr3iYhbioKRcvNg%3d",0.0221274431825481
"162","George Washington","College","Women","Division I","Atlantic Coast","Colonial DI","6","13","/teams/events/Eventteam/?TeamId=TumuqVImLwdfPHUGTkihqoeZeLnHaCPw8k2NRmPismU%3d",0.0218411930768868
"163","California-San Diego B","College","Women","Developmental","Southwest","Southwest Dev","3","9","/teams/events/Eventteam/?TeamId=Ub%2bLpLOQR1BpN%2fvaN5Vgyal2x0PjgyONd4xmEr8wDMQ%3d",0.0208439529187934
"164","Missouri","College","Women","Division I","South Central","Ozarks DI","4","13","/teams/events/Eventteam/?TeamId=uZ5D3q53CJVk3Tfr2zFniXhMPwH8rM%2b70eglmcwzJCI%3d",0.0195279758310646
"165","Virginia Tech","College","Women","Division I","Atlantic Coast","Virginia DI","6","11","/teams/events/Eventteam/?TeamId=6nJs1k%2fEk7TqqU4m7KOUAxannsz7mBLvsrJTrn2Ypkw%3d",0.019090167701066
"166","Rensselaer Polytech","College","Women","Division III","Metro East","Eastern Metro East DIII","8","4","/teams/events/Eventteam/?TeamId=3EB7xsuF0QUP8aUFIPZoXDzrbzMdg%2bNXHaKyGf5GAhY%3d",0.0181911156621049
"167","North Georgia","College","Women","Division III","Southeast","Southern Appalachian DI","6","11","/teams/events/Eventteam/?TeamId=7hBkPBwqvhUSBdzBIW7kTLeEBo8ygWFpX3vSf5VuuQ0%3d",0.017766239175565
"168","Ohio","College","Women","Division I","Ohio Valley","Ohio DI","8","4","/teams/events/Eventteam/?TeamId=YSA%2bf%2fsYz3rBDTORSuEf6fflmT0ssUZgPZ1ySB8mRO8%3d",0.0171418710674499
"169","Mary Washington","College","Women","Division III","Atlantic Coast","Atlantic Coast DIII","5","9","/teams/events/Eventteam/?TeamId=%2blYLJ%2f4DynXWdm%2fFO7YfOa4i%2b3Tzg%2fmCKG8rz9Cj04M%3d",0.0148650949340649
"170","Kansas State","College","Women","Division I","South Central","Ozarks DI","6","7","/teams/events/Eventteam/?TeamId=z%2fW6ortmjYV7nzsER%2fq9jP1IUlUS6aREeAwaF1Lcaho%3d",0.0147824278262216
"171","Wisconsin-Eau Claire","College","Women","Division I","North Central","Lake Superior DI","4","6","/teams/events/Eventteam/?TeamId=GpiWyqEz5Jh7bge1s44n4KUagw%2bvGSMvilf1qZurhL8%3d",0.0142167332444165
"172","Illinois State","College","Women","Division I","Great Lakes","Illinois DI","2","7","/teams/events/Eventteam/?TeamId=7vHMnFyXR9aFaU6wkh9we7TDuNtxyCk8Qva8ksAMQng%3d",0.013414685531334
"173","Texas-San Antonio","College","Women","Division I","South Central","Texas DI","11","9","/teams/events/Eventteam/?TeamId=zYw%2fFLnyV9wJriIun5XPxYGP6XOAOE1BWkFLKsjHjtg%3d",0.0129016779352812
"174","California B","College","Women","Developmental","Southwest","Southwest Dev","2","10","/teams/events/Eventteam/?TeamId=NEwthAaD3dYXJxgqH0lqfFq7EeNtkX%2f4hgNrOdR8A9Y%3d",0.0128946569204506
"175","North Carolina B","College","Women","Developmental","Atlantic Coast","Atlantic Coast Dev","5","6","/teams/events/Eventteam/?TeamId=TSdxuQjaTTT%2bbn29YnFwv%2blQPrmXNKxPNS3LXSDtxEA%3d",0.0125735958041444
"176","Elon","College","Women","Division III","Atlantic Coast","Atlantic Coast DIII","6","7","/teams/events/Eventteam/?TeamId=68E3gOoti4eHgaIAOl152CFbxpwWhhX1q385%2buNZ7dY%3d",0.0104952698945541
"177","Richmond","College","Women","Division III","Atlantic Coast","Atlantic Coast DIII","7","4","/teams/events/Eventteam/?TeamId=h%2fLHIvvLejD4pEjT0ZrcG80ujYRT5pJGbcvfu13N7%2fo%3d",0.0103171132917204
"178","Marquette","College","Women","Division I","North Central","Lake Superior DI","1","7","/teams/events/Eventteam/?TeamId=iFzvCupcxJ%2fvb%2f98%2flH0CYeAxGU6zhpXcw7%2bTDkoi%2bQ%3d",0.00965071292082326
"179","Salisbury","College","Women","Division I","Atlantic Coast","Colonial DI","6","13","/teams/events/Eventteam/?TeamId=tRb0Esip%2bZY2O1ZNHmwIRnEZ%2biWZRUjoFdMThNzUHQg%3d",0.00854576038025562
"180","Virginia Commonwealth","College","Women","Division I","Atlantic Coast","Virginia DI","7","12","/teams/events/Eventteam/?TeamId=MuwLlx4A3fZ9xMVizIE2x2r%2boBI0HoxsyeRjyhH%2ftFk%3d",0.0082688134271573
"181","Pittsburgh B","College","Women","Division I","Ohio Valley","Pennsylvania DI","4","7","/teams/events/Eventteam/?TeamId=65VtgXMDsikvKe0F1dzrRnHX9FpycrCD1hTJwXUvIUU%3d",0.00808991053132031
"182","Northeastern B","College","Women","Developmental","New England","New England Dev","10","11","/teams/events/Eventteam/?TeamId=0zXaKC%2fEhvZKpK09HRq%2bnVcItvt9NvoLQbTUlr2iVZw%3d",0.00734090298188391
"183","Texas B","College","Women","Developmental","South Central","Texas DI","11","9","/teams/events/Eventteam/?TeamId=bl89oVoIVl8Bfw7AUnUmWEHjAXwGkZHM2Czcko%2fbAX8%3d",0.00721068448692216
"184","North Carolina-Asheville","College","Women","Division III","Atlantic Coast","Atlantic Coast DIII","4","8","/teams/events/Eventteam/?TeamId=rdx9q6ZUKtHQENjJm%2bTSJljNMcJVVStg1MFtxBNRcqw%3d",0.00704643565673437
"185","Georgia State","College","Women","Division I","Southeast","Southern Appalachian DI","3","7","/teams/events/Eventteam/?TeamId=qN7OFt0iCBYoeaXG9sbpJ%2blceZFkJ2FivUbRqTt27Uk%3d",0.0064956869399516
"186","Edinboro","College","Women","Division I","Ohio Valley","Pennsylvania DI","3","5","/teams/events/Eventteam/?TeamId=AM8%2biy15AO2VOqrRyVkmZdrQa2TvSyg4oJltzmJ3VN0%3d",0.00632299659602591
"187","Texas-Dallas","College","Women","Division I","South Central","Texas DI","10","5","/teams/events/Eventteam/?TeamId=HFS99A1%2b3o%2fQ2rfK%2fp92BW%2fp8%2b11rp8c%2bBeoBvArSGM%3d",0.00601111934875113
"188","MIT","College","Women","Division I","New England","Metro Boston DI","4","8","/teams/events/Eventteam/?TeamId=MaIpOTSAjSlOeJ9ekRzvudBcwmIITeExkPdj5GEZ52M%3d",0.00595251391982136
"189","Miami (Ohio)","College","Women","Division I","Ohio Valley","Ohio DI","3","4","/teams/events/Eventteam/?TeamId=DPUTWk0gf1kDcZdj%2fAdkdowbJPYY77UvO%2bYh2d5qypU%3d",0.0059480264779981
"190","Wheaton (Illinois)","College","Women","Division III","Great Lakes","Great Lakes DIII","4","4","/teams/events/Eventteam/?TeamId=ic0r959TyFyWMt8RcQymhFUHaTnh72HCRopRXzk5JLg%3d",0.0054653788591559
"191","William & Mary","College","Women","Division I","Atlantic Coast","Virginia DI","5","11","/teams/events/Eventteam/?TeamId=UdHEyOdObuuLU%2beZ%2bZlF28B1kZzIaV8A0P0mznh5MeA%3d",0.00541528424452836
"192","Washington University B","College","Women","Developmental","South Central","Ozarks DI","3","9","/teams/events/Eventteam/?TeamId=jnhBifDdgm9b4q61VhtC99%2bmn4%2bN%2b8e9BwKaoDDP410%3d",0.00528108125231152
"193","Wisconsin B","College","Women","Developmental","North Central","Lake Superior DI","5","12","/teams/events/Eventteam/?TeamId=dBg3WYAosXbBcHXWd1MsvvuzY6XhuUoUpvPloDyI3%2f8%3d",0.00487616311331213
"194","Ithaca","College","Women","Division III","Metro East","Western NY DIII","4","8","/teams/events/Eventteam/?TeamId=2o84ZV%2fk%2fR0G2EyS6n2tB2fmq%2bwETziQ%2bXPlkBUdj54%3d",0.00480796891697667
"195","Cornell B","College","Women","Developmental","Metro East","Western NY DI","1","12","/teams/events/Eventteam/?TeamId=yxyKbJxa%2bzwelMh4qUj%2f0kQVTEArJ4YznmGdYJAz20Y%3d",0.00463350922254447
"196","Brandeis","College","Women","Division III","New England","Metro Boston DIII","10","5","/teams/events/Eventteam/?TeamId=Mjn5%2bmxZxdJOG9N4888HYK6N5I7ZdubGIxCN9i8O0sI%3d",0.00455504574317672
"197","Ohio Wesleyan","College","Women","Division III","Ohio Valley","Ohio DIII","3","8","/teams/events/Eventteam/?TeamId=fxHlwn7uTAvfUPkCmgFfKDvwHcWdLLN62KehjWqwrYA%3d",0.00440238021023247
"198","North Park","College","Women","Division III","Great Lakes","Great Lakes DIII","6","5","/teams/events/Eventteam/?TeamId=mOrucXaAQgqvK2tS00t9LLnAumTHLJe8icG68TGtsTc%3d",0.00439554113851445
"199","Harding","College","Women","Division III","South Central","South Central DIII","2","10","/teams/events/Eventteam/?TeamId=TDPgKMwy%2fEPqG0fl7%2bbnlKOPqvMjxZUXA1qx6eHeIB8%3d",0.00431696757119125
"200","Wooster B","College","Women","Developmental","Ohio Valley","Ohio DIII","1","10","/teams/events/Eventteam/?TeamId=QzmMldMdsOmrNMC7N2dkQ%2bLoY%2fPGJwa26Ei2mlmhhDg%3d",0.00370650756028229
"201","Vermont B","College","Women","Developmental","New England","New England Dev","5","7","/teams/events/Eventteam/?TeamId=msR6whur8mvBiqro%2foxyEqhKxfRaUmTseWoSgLLJLuc%3d",0.00352378153029085
"202","Tennessee-Chattanooga","College","Women","Division I","Southeast","Southern Appalachian DI","3","8","/teams/events/Eventteam/?TeamId=Y73ak340Rd22gAgKFTsPAi%2f1HOt1JkVxXjTIfoqri0E%3d",0.00327693507057825
"203","Georgia College","College","Women","Division III","Southeast","Southern Appalachian DI","6","3","/teams/events/Eventteam/?TeamId=oBy%2fYsD4CFWHxceGY9znDDUCl3YKBWgq4VmPrFvg%2bnI%3d",0.00296387675935481
"204","Towson B","College","Women","Developmental","Atlantic Coast","Atlantic Coast Dev","4","11","/teams/events/Eventteam/?TeamId=smT9U%2bsTba0B1Z8svgpoD7LG%2fPRfTSuf5LHBD%2bTSLu0%3d",0.00281060939282236
"205","Kansas B","College","Women","Division I","South Central","Ozarks DI","1","11","/teams/events/Eventteam/?TeamId=5w4XAjYw%2fX0sy2o0w8I4Yke%2fejVW7APFxZqCVwE0x0c%3d",0.00253022861163521
"206","Minnesota-Duluth","College","Women","Division I","North Central","Western North Central DI","5","9","/teams/events/Eventteam/?TeamId=k1w4DJ8RueiWBevgrRYhFxH6RyrZ6qTli%2bj7aP0cZfw%3d",0.00251795934514931
"207","Texas A&M","College","Women","Division I","South Central","Texas DI","6","12","/teams/events/Eventteam/?TeamId=J9Mp7zavFaZsq1J6q2KGSNu8bROsHL3FF5%2fPIf8i6VU%3d",0.00227742277390668
"208","Syracuse","College","Women","Division I","Metro East","Western NY DI","2","8","/teams/events/Eventteam/?TeamId=iYFS3lttFjJjBubnZ1FUFcdBFGhNOM7chpR%2be%2bl2f6U%3d",0.00219017428354228
"209","Grinnell B","College","Women","Developmental","North Central","North Central DIII","1","10","/teams/events/Eventteam/?TeamId=9k8fV%2bKfBO33oy21sSn8fSHnUk2N1xRXS0LlWdOO5jk%3d",0.00194836888393739
"210","George Washington B","College","Women","Developmental","Atlantic Coast","Atlantic Coast Dev","1","8","/teams/events/Eventteam/?TeamId=udygJVQ7F7Ey0d3mPXrPYuR3yXkZXMO8%2fYDsDBsgzj8%3d",0.00181219918785421
"211","Princeton B","College","Women","Developmental","Metro East","Eastern Metro East DI","0","8","/teams/events/Eventteam/?TeamId=VScXJ0NJQVwrLXHihkdihtGyxZDLfoQhja1ZdECLsp8%3d",0.00166642072402092
"212","Michigan B","College","Women","Developmental","Great Lakes","Eastern Great Lakes DI","4","10","/teams/events/Eventteam/?TeamId=9%2fqgUr70RkKvYk7ehhJwT8rIbVm9Q7L5Ve4QgRi2MHQ%3d",0.00141929900287272
"213","SUNY Cortland","College","Women","Division III","Metro East","Western NY DIII","0","15","/teams/events/Eventteam/?TeamId=pYBTt4ooeMNhHwdtS37vB6vtAYV0BOPWApRJU2bXrn4%3d",0.00137182823649255
"214","Virginia B","College","Women","Developmental","Atlantic Coast","Atlantic Coast Dev","3","21","/teams/events/Eventteam/?TeamId=%2fGr7S5nSrDv%2fxx2E1oI1WK2zzzHfFDX%2bDwsMWDdsRG4%3d",0.00133770332235462
"215","Georgetown B","College","Women","Developmental","Atlantic Coast","Atlantic Coast Dev","4","6","/teams/events/Eventteam/?TeamId=k5dnayFnMwAhJXnFD37jgKgfetGgaMlJr2UPI%2fZeXzs%3d",0.000884792125045738
"216","Trinity","College","Women","Division III","South Central","South Central DIII","1","21","/teams/events/Eventteam/?TeamId=uV7Hctq%2fzm1YtO6NFoNIyIDGbU8AIF5GK419u3mRB2A%3d",0.000826865337001932
"217","Wake Forest","College","Women","Division I","Atlantic Coast","Carolina DI","5","12","/teams/events/Eventteam/?TeamId=qXG6f%2bi7evYJOABVbb97pusmAQCuNW4V80iETttBRzk%3d",0.000791304672316566
"218","Northwestern B","College","Women","Developmental","Great Lakes","Illinois DI","1","7","/teams/events/Eventteam/?TeamId=qqo%2fcHQP502rN6r4xRJrLVBUEnw4Lr1RsAo1iUkDByU%3d",0.000776712426986338
"219","American B","College","Women","Developmental","Atlantic Coast","Atlantic Coast Dev","1","13","/teams/events/Eventteam/?TeamId=iDy97xdthNgrpUx6AGPcf%2b2fJQaQDLCI%2fPxIBr9tNZM%3d",0.00075438924132719
"220","Notre Dame B","College","Women","Developmental","Great Lakes","Eastern Great Lakes DI","3","10","/teams/events/Eventteam/?TeamId=yHzfK4sBlVyzfdmuNQlI%2bXeT5FsqyFepKNh23oVrEmY%3d",0.000732134278247776
"221","Appalachian State","College","Women","Division I","Atlantic Coast","Carolina DI","0","8","/teams/events/Eventteam/?TeamId=l88cnPjgfgbuguwwgV4Y6T2KmDgNewIpABq926kQYJU%3d",0.000606524721809911
"222","Davidson","College","Women","Division III","Atlantic Coast","Atlantic Coast DIII","1","9","/teams/events/Eventteam/?TeamId=cI5Fkaw3Pj%2bnNQgx9zkeVB43de5xBjkIwh54hScjPJ4%3d",0.000531042501812656
"223","Miami","College","Women","Division I","Southeast","Florida DI","3","9","/teams/events/Eventteam/?TeamId=xO1HeITWsIAu6DFE3Y1NrpGr8uBtF%2fr72P33xhQ6Ey0%3d",0.000464248776749217
"224","Florida B","College","Women","Developmental","Southeast","Florida DI","0","22","/teams/events/Eventteam/?TeamId=NsI0Bmpu3X%2bnJVGYOcDZql0syHB5qcIC%2fVydMz%2f6NRI%3d",0.000441259749180849
"225","Goucher","College","Women","Division III","Atlantic Coast","Atlantic Coast DIII","4","5","/teams/events/Eventteam/?TeamId=g9BiODFA6TXDKW4cIs9YsQ2WxDIV3L6Y7L%2f5kEMF00c%3d",0.000428266560227238
"226","Philadelphia","College","Women","Division III","Ohio Valley","Pennsylvania DIII","2","6","/teams/events/Eventteam/?TeamId=7OwpGUUGPPs32zrBWGNMBAX3Fe2rZFy9uMn7nFLlOJI%3d",0.000226500936846435
"227","Florida State B","College","Women","Developmental","Southeast","Florida DI","3","7","/teams/events/Eventteam/?TeamId=jx%2fjwflDW5VPbwXiBgCgntByh%2fvy%2blSmIuJtx%2br1oiQ%3d",0.000140465419289796
"228","Southern Indiana","College","Women","Division I","Great Lakes","Eastern Great Lakes DI","2","10","/teams/events/Eventteam/?TeamId=ir7MWkWJIToNeyvIrEqdahUBvVFB0BaK1GKzWDy3OJ8%3d",7.16530004723001e-05
"229","Emory B","College","Women","Developmental","Southeast","Southern Appalachian DI","2","10","/teams/events/Eventteam/?TeamId=%2f7J6RNDclgHvxhYstpezhBPMoK32Bt6BMCV2z1iSFC4%3d",7.02200372266768e-05
"230","Columbia B","College","Women","Division I","Metro East","Eastern Metro East DI","2","9","/teams/events/Eventteam/?TeamId=1MPllM63%2b%2b5MgWrZsuQIutvSszNPXKGNk8PvrnNzkpE%3d",2.64248512018755e-05
