"","Team","Competition Level","Gender Division","City","State","Links","Rank","School","Power Rating","Competition Division","College Region","College Conference","Wins","Losses","Index","Rating"
"1","Stanford (Stanford (Superfly))","College","Women","Stanford","CA","/teams/events/Eventteam/?TeamId=faCvEuMFy23C4G8BHhXN5bNK3vSLwrtP1rTRsReJrTw%3d",1,"Stanford",2365,"Division I","Southwest","NorCal DI",28,5,242,25.0711350924755
"2","Dartmouth (Princess Layout)","College","Women","Hanover","NH","/teams/events/Eventteam/?TeamId=TD1wPc1I0sgrpL%2b1X4GcAfprv67kxfwMicdhFf%2bHL2w%3d",3,"Dartmouth",2229,"Division I","New England","Greater New England DI",25,4,73,20.2915007569995
"3","Texas (Melee)","College","Women","Austin","TX","/teams/events/Eventteam/?TeamId=u92PZuIwLDsnzZotN6V3ycmxqrItAf6ivB9wAGa5RzM%3d",4,"Texas",2198,"Division I","South Central","Texas DI",28,4,260,18.6593482928964
"4","Virginia (Hydra)","College","Women","Charlottesville","VA","/teams/events/Eventteam/?TeamId=Pa9hSBvBGBuVddUcFODw63s9LRWMO1lvMQ44E3VerlI%3d",2,"Virginia",2233,"Division I","Atlantic Coast","Virginia DI",35,4,284,17.5884499001633
"5","UCLA (BLU)","College","Women","Los Angeles","CA","/teams/events/Eventteam/?TeamId=XuZnaetsEFfw7Mi7zx9NO3tqY2G8yPobx7r1ukbjM0s%3d",6,"UCLA",2115,"Division I","Southwest","SoCal DI",29,7,274,15.6970828657775
"6","Tufts (EWO)","College","Women","Somerville","MA","/teams/events/Eventteam/?TeamId=NPK43YoRMkOdohg3cwwhJIMAS8fQ2q5wEqfyGodWFVc%3d",10,"Tufts",2019,"Division I","New England","Metro Boston DI",28,4,271,13.1572734244149
"7","California (Pie Queens)","College","Women","Berkeley","CA","/teams/events/Eventteam/?TeamId=mpzN%2fVnxZJJKtfn5A4%2fFlN030n0gCr87nO55aQmvB2o%3d",9,"California",2045,"Division I","Southwest","NorCal DI",24,13,41,11.8138836016615
"8","British Columbia (Thunderbirds)","College","Women","Vancouver","British Columbia","/teams/events/Eventteam/?TeamId=NNu4QDzdxmCc84pORcnIqUnQt0yr%2fW3rDg1e7G0pCXs%3d",5,"British Columbia",2153,"Division I","Northwest","Cascadia DI",19,5,27,11.4496608713775
"9","Oregon (Fugue)","College","Women","Eugene","OR","/teams/events/Eventteam/?TeamId=N%2b7PzrXcPsKTx6%2b7vdtjUbmN0frrwfDm%2fVuoS02%2f5sg%3d",11,"Oregon",1999,"Division I","Northwest","Cascadia DI",27,13,200,10.4402886020152
"10","Colorado (Kali)","College","Women","Boulder","CO","/teams/events/Eventteam/?TeamId=gusM8XMge2EY2DPbF8NPCjtiszB7UuMTxRwXBD0dJVc%3d",8,"Colorado",2060,"Division I","South Central","Rocky Mountain DI",17,11,62,8.75386519269976
"11","Pittsburgh (Danger)","College","Women","Pittsburgh","PA","/teams/events/Eventteam/?TeamId=5slmE1sQQsinK38zekixhdaET5Mj7TP9tXv5TPF4NSk%3d",12,"Pittsburgh",1925,"Division I","Ohio Valley","Pennsylvania DI",23,7,209,8.12166904490992
"12","Notre Dame (Womb)","College","Women","Notre Dame","IN","/teams/events/Eventteam/?TeamId=NlgGmF5%2fHFFCFk0%2bit1Df4adVSNOl1Ab%2bLRZdw5gBHw%3d",7,"Notre Dame",2062,"Division I","Great Lakes","Eastern Great Lakes DI",24,6,188,8.02800084339454
"13","Southern California (Hellions of Troy)","College","Women","Los Angeles","CA","/teams/events/Eventteam/?TeamId=kYEAvqM6osoedNBKIjIgFJ7YmKzbwypoaisrdUYJ3k0%3d",19,"Southern California",1811,"Division I","Southwest","SoCal DI",24,14,237,7.921400002731
"14","Michigan (Flywheel)","College","Women","Ann Arbor","MI","/teams/events/Eventteam/?TeamId=VKxIKXEDdQLYPNLiXn0FibYcbr625nQBtm2CLlApId8%3d",15,"Michigan",1905,"Division I","Great Lakes","Eastern Great Lakes DI",18,12,156,6.71499679286183
"15","Carleton College (Syzygy)","College","Women","Northfield","MN","/teams/events/Eventteam/?TeamId=NwrqWq7T52otvyL5c9Wsgq8nWWuA6j3c9jcVFfaUhNE%3d",13,"Carleton College",1918,"Division I","North Central","Western North Central DI",23,9,43,6.36693544788171
"16","North Carolina (Pleiades)","College","Women","Chapel Hill","NC","/teams/events/Eventteam/?TeamId=gUiWjT9ywZbw1fX%2fupfcfpLQtBXRn%2bkZHPLcLj%2f5g8w%3d",16,"North Carolina",1891,"Division I","Atlantic Coast","Carolina DI",24,8,177,5.9297712159224
"17","California-San Diego (UCSD Psychos)","College","Women","San Diego","CA","/teams/events/Eventteam/?TeamId=4cRw9FDJ9oW5ffiKGabttFznjbbxQjlkLM9CmN%2fLa7k%3d",22,"California-San Diego",1746,"Division I","Southwest","SoCal DI",22,16,38,5.79368160906312
"18","Ohio State (Fever)","College","Women","Columbus","OH","/teams/events/Eventteam/?TeamId=Wmb6gNGRpntGn1S3HGYdc6MliHJ1KaUc4NkMTm%2bOadg%3d",17,"Ohio State",1880,"Division I","Ohio Valley","Ohio DI",25,11,196,5.77260791534303
"19","Florida (FUEL)","College","Women","Gainesville","FL","/teams/events/Eventteam/?TeamId=o2%2bgz5kZ4fEUJVq2NBLCaNWBn6DXEl6DRUkaIPd4bqA%3d",14,"Florida",1911,"Division I","Southeast","Florida DI",33,10,91,5.75811525741862
"20","Whitman (Whitman Sweets)","College","Women","Walla Walla","WA","/teams/events/Eventteam/?TeamId=1uJ5zDTH88%2fhgLMZuxhunRtHhOkN%2ftD5V4YVm3aQgqU%3d",18,"Whitman",1864,"Division I","Northwest","Big Sky DI",17,12,302,4.49795333835613
"21","California-Davis (Rogue)","College","Women","Davis","CA","/teams/events/Eventteam/?TeamId=9oWJlSxruUXZ5mlv%2ffljz7%2bjIEXyOft3F3nd1xt8dRI%3d",26,"California-Davis",1689,"Division I","Southwest","NorCal DI",22,16,35,4.24036751532291
"22","Kansas (Betty Ultimate)","College","Women","Lawrence","KS","/teams/events/Eventteam/?TeamId=SJEwN6h039xYkq571Ag%2b6CaXtiMtHuwE2RNbj4dM8jY%3d",24,"Kansas",1713,"Division I","South Central","Ozarks DI",31,9,132,4.1724852134124
"23","Georgetown (Huckin' Foyas)","College","Women","Washington","DC","/teams/events/Eventteam/?TeamId=41GYrlDvmTeKymN9bt9oThwTqkV%2bzbvS%2fyhHFluWNlE%3d",21,"Georgetown",1764,"Division I","Atlantic Coast","Colonial DI",33,8,100,4.12715704494783
"24","Cal Poly-SLO (SLO Motion)","College","Women","San Luis Obispo","CA","/teams/events/Eventteam/?TeamId=zeFWx%2f3rImfgKOs0kwsvgR2NRLIxtgYapZk6iqVi8Wo%3d",63,"Cal Poly-SLO",1319,"Division I","Southwest","SoCal DI",20,11,31,3.4265485474124
"25","Iowa State (Woman Scorned)","College","Women","Ames","IA","/teams/events/Eventteam/?TeamId=%2brbxZekO2c0nzlhiafO3HcIDdynbCestG6MixMijxUk%3d",28,"Iowa State",1676,"Division I","North Central","Western North Central DI",24,8,125,2.76971960071622
"26","North Carolina-Wilmington (Seaweed)","College","Women","Wilmington","NC","/teams/events/Eventteam/?TeamId=Svc7GD5ciYxSWUqtNiL4cLKPAHwbd2oHPX7pzv67rnI%3d",25,"North Carolina-Wilmington",1695,"Division I","Atlantic Coast","Carolina DI",22,12,176,2.68077458800687
"27","Chico State  (Chico Chicas)","College","Women","Chico","CA","/teams/events/Eventteam/?TeamId=u62GZSQFWTchsABWE%2blS%2fvEhyhFdrsDImTA25vuNNSA%3d",78,"Chico State",1213,"Division I","Southwest","NorCal DI",21,10,51,2.33401104288731
"28","Cornell (Wild Roses)","College","Women","Ithaca","NY","/teams/events/Eventteam/?TeamId=z3eFI7xFYmutBzFzercqYtBoddv8p8SD9xT%2fuSyenkE%3d",32,"Cornell",1619,"Division I","Metro East","Western NY DI",36,3,71,2.30867946573542
"29","California-Santa Barbara (Burning Skirts)","College","Women","Goleta","CA","/teams/events/Eventteam/?TeamId=DJU6wjdQQDTsL30jYJPTxbDqfQKHf0CfbILG%2f2T%2bR2w%3d",56,"California-Santa Barbara",1365,"Division I","Southwest","SoCal DI",18,16,39,2.28488570819386
"30","Vermont  (Ruckus)","College","Women","Burlington","VT","/teams/events/Eventteam/?TeamId=tnSj9MDVfXpvFsGoAdunXjjhz4lGWDc0MjzUbRh3n5I%3d",27,"Vermont",1681,"Division I","New England","Greater New England DI",22,11,281,2.28232412662032
"31","West Chester (West Chester)","College","Women","West Chester","PA","/teams/events/Eventteam/?TeamId=l956kZyz0JpZ5LX%2bn6e0RfghY9QIumLsK6X218BRmYM%3d",33,"West Chester",1574,"Division I","Ohio Valley","Pennsylvania DI",24,7,296,2.20533631690027
"32","Liberty (Lady Flames)","College","Women","Lynchburg","VA","/teams/events/Eventteam/?TeamId=2KtfN4%2f1SybgbVEiL4BgCHwU%2fMt6UUhr2U99VtwS8gQ%3d",36,"Liberty",1564,"Division I","Atlantic Coast","Virginia DI",26,12,140,1.98072410933724
"33","Portland (UPRoar)","College","Women","Portland","OR","/teams/events/Eventteam/?TeamId=boldYMSHhHP%2fZnPS3hRcZoFizEykg5NrAUy8Le16Ij0%3d",73,"Portland",1251,"Division III","Northwest","Northwest DIII",24,4,210,1.94256706748046
"34","Williams (La WUFA)","College","Women","Williamstown","MA","/teams/events/Eventteam/?TeamId=eFylP9zG4UAbOBCLlGiSOfrJQ8A1VY8UTp8Dk72Y2Ao%3d",23,"Williams",1735,"Division III","New England","South New England DIII",30,3,304,1.93011441915136
"35","Georgia Tech (Wreck)","College","Women","Atlanta","GA","/teams/events/Eventteam/?TeamId=DtIkXqr2fcyHHJBWO2ns59w6%2bSp8mxYkyTyUVOAlCu0%3d",46,"Georgia Tech",1472,"Division I","Southeast","Southern Appalachian DI",23,17,106,1.90668083558773
"36","Colorado State (Hell's Belles)","College","Women","Fort Collins","CO","/teams/events/Eventteam/?TeamId=%2bXYlWj%2fs0LB%2f7GD0pgbUG7HQuDjd0CcmTehQxIz3HFs%3d",35,"Colorado State",1570,"Division I","South Central","Rocky Mountain DI",21,10,64,1.80023320066995
"37","Delaware (Sideshow Ultimate)","College","Women","Newark","DE","/teams/events/Eventteam/?TeamId=aLhdH%2bEG4J1Z74u6Uku9dzsribdKZiM1EWzcxU2rYYA%3d",20,"Delaware",1811,"Division I","Atlantic Coast","Colonial DI",17,9,77,1.78638542394201
"38","Carleton College-Eclipse (Eclipse)","College","Women","Northfield","MN","/teams/events/Eventteam/?TeamId=m1DkV3n9%2fo6kLW3AWLG7dSvPceEGoEnC07SgyHdhOK0%3d",59,"Carleton College-Eclipse",1332,"Division III","North Central","North Central DIII",23,7,42,1.61493889373172
"39","Penn State  (Crisis)","College","Women","State College","PA","/teams/events/Eventteam/?TeamId=orJfAYX9d9xX5aNHwn6ARbtRoljCE%2byc1OR9fWc%2bH0c%3d",40,"Penn State",1546,"Division I","Ohio Valley","Pennsylvania DI",16,14,204,1.60093385116707
"40","Colorado College (Lysistrata's Tools)","College","Women","Colorado Springs","CO","/teams/events/Eventteam/?TeamId=shxGM7ge4qsLfJqbKelBfpY9r18Q46xoRk%2fFK19%2bMTU%3d",30,"Colorado College",1626,"Division I","South Central","Rocky Mountain DI",12,17,63,1.55286002925413
"41","Minnesota (Ninjas)","College","Women","Minneapolis","MN","/teams/events/Eventteam/?TeamId=8j5IDNJ2mmTGHEB4J6akgvGmZ8yE2cNy5JBF8u4xkFM%3d",31,"Minnesota",1620,"Division I","North Central","Western North Central DI",15,12,160,1.55094519168122
"42","Texas-Dallas (MonStars)","College","Women","Richardson","TX","/teams/events/Eventteam/?TeamId=HFS99A1%2b3o%2fQ2rfK%2fp92BW%2fp8%2b11rp8c%2bBeoBvArSGM%3d",166,"Texas-Dallas",717,"Division I","South Central","Texas DI",12,10,258,1.47696371195395
"43","Sonoma State (D'Vine)","College","Women","Rohnert Park","CA","/teams/events/Eventteam/?TeamId=aPid5g7Rl4Q5qYAko8Yqlxuj4UzkDk60VNXenGREtRE%3d",135,"Sonoma State",871,"Division I","Southwest","NorCal DI",13,14,234,1.35672195422529
"44","North Carolina State (Jaga Monsta)","College","Women","Raleigh","NC","/teams/events/Eventteam/?TeamId=U3CpEGnLUG%2f8JDXI0pkPpdfrjLKb%2fyp2Ee0Nh1vDQSs%3d",34,"North Carolina State",1572,"Division I","Atlantic Coast","Carolina DI",18,12,178,1.32227931167377
"45","Florida State (Seminole Ladies)","College","Women","Tallahassee","FL","/teams/events/Eventteam/?TeamId=jmdXQMKsoEqlx%2fndlWxqZBHFZdN2arSj%2f2sZBXI8DRw%3d",37,"Florida State",1556,"Division I","Southeast","Florida DI",27,15,93,1.30326073726177
"46","Washington (Element)","College","Women","Seattle","WA","/teams/events/Eventteam/?TeamId=IdzlN7L1l6MEgyweYTbtLfoXm5eOhDnr%2fbrKUDrh8oU%3d",39,"Washington",1555,"Division I","Northwest","Cascadia DI",11,19,289,1.23413361896163
"47","Boston College (Boston College)","College","Women","Chestnut Hill","MA","/teams/events/Eventteam/?TeamId=0DKZAY%2fClTUlcMJNV3ErO3mO58jDb9XDosf9Qieitw0%3d",43,"Boston College",1497,"Division I","New England","Metro Boston DI",18,8,22,1.19686770075724
"48","Western Washington (Chaos)","College","Women","Bellingham","WA","/teams/events/Eventteam/?TeamId=PUsywval7dv8Gpn8URBwtPJx0bimD74i1mIOA7RYAzU%3d",29,"Western Washington",1655,"Division I","Northwest","Cascadia DI",4,8,299,1.19174816816796
"49","Chicago (Supersnatch)","College","Women","Chicago","IL","/teams/events/Eventteam/?TeamId=agCGUT6w3uLl52%2boCeMfULuFyIJNEZVN2aIIzIKG3Zg%3d",58,"Chicago",1354,"Division I","Great Lakes","Illinois DI",21,12,50,1.15513054212027
"50","Kennesaw State (Strix)","College","Women","Kennesaw","GA","/teams/events/Eventteam/?TeamId=SsDArHe7imZC0wDTMqr4zR7HCndeywtem5EJ8BadDeg%3d",51,"Kennesaw State",1445,"Division I","Southeast","Southern Appalachian DI",26,8,134,1.14217529174203
"51","Georgia (Dawgma)","College","Women","Athens","GA","/teams/events/Eventteam/?TeamId=bv0piAGJ2T9Ulg9%2b2sCDhNKmdutHSSEi2i%2bOOiBQi%2bQ%3d",44,"Georgia",1485,"Division I","Southeast","Southern Appalachian DI",20,14,101,1.13486375079623
"52","Wisconsin (Bella Donna)","College","Women","Madison","WI","/teams/events/Eventteam/?TeamId=s7xC%2f2JqXAnPXLgnWZds6lD4Xh62tSZbI6PBAr2tEsk%3d",42,"Wisconsin",1512,"Division I","North Central","Lake Superior DI",16,16,312,1.0634952050211
"53","Auburn (Ares)","College","Women","Auburn","AL","/teams/events/Eventteam/?TeamId=Itxp5yUgi7zE4VdHsGbImiqfb0PKZnjdDCsLW3cTj38%3d",50,"Auburn",1454,"Division I","Southeast","Gulf Coast DI",26,7,14,1.04896226150918
"54","Wesleyan (Vicious Circles)","College","Women","Middletown","CT","/teams/events/Eventteam/?TeamId=8yQXQsqwd3U5tPLJtibXU4alXcwGzjS6ZK7mnwzv4h8%3d",65,"Wesleyan",1302,"Division III","Metro East","Eastern Metro East DIII",17,0,295,0.917845929553324
"55","Clemson (Tigerlilies)","College","Women","Clemson","SC","/teams/events/Eventteam/?TeamId=A%2fGcWvr8lK3AqaY31RTjqGpSrTNEzkjXh8ouRi%2bSqEM%3d",48,"Clemson",1462,"Division I","Atlantic Coast","Carolina DI",14,14,56,0.90757225377102
"56","Duke (Swerve)","College","Women","Durham","NC","/teams/events/Eventteam/?TeamId=H0uZQmihXxCKUXgWlkzCXx5G%2fXPHpts6WN1HLnsXyek%3d",38,"Duke",1555,"Division I","Atlantic Coast","Carolina DI",18,6,83,0.866847680940175
"57","Central Florida (Central Florida)","College","Women","Orlando","FL","/teams/events/Eventteam/?TeamId=Fau2WHfLb7iXwh2CX%2fZRdzDu%2bK0SGFkO9nChSfiku38%3d",68,"Central Florida",1293,"Division I","Southeast","Florida DI",18,16,47,0.798729038204248
"58","Northwestern (GungHo)","College","Women","Evanston","IL","/teams/events/Eventteam/?TeamId=uFEJJHpXo%2bfg21QK51DzML51WaHXso20o%2bnS2oItlEI%3d",55,"Northwestern",1375,"Division I","Great Lakes","Illinois DI",18,13,186,0.763561153399651
"59","San Diego State (SDSU Gnomes)","College","Women","San Diego","CA","/teams/events/Eventteam/?TeamId=ZX33qMLWLJpIN8Fwl2GmKbFrK9uy%2bf48Lpc5GHGCZ9o%3d",93,"San Diego State",1106,"Division I","Southwest","SoCal DI",11,13,228,0.73081089390235
"60","Northeastern (Valkyries A)","College","Women","Boston","MA","/teams/events/Eventteam/?TeamId=ULMADbe8rb3kbp2F%2bq8VcYK7N3CyYNSTUrRhhBajqEI%3d",54,"Northeastern",1381,"Division I","New England","Metro Boston DI",12,19,182,0.720103404645676
"61","Connecticut (UConn Huskies)","College","Women","Storrs","CT","/teams/events/Eventteam/?TeamId=Bw4X5kH8%2blNFkm5DaoSpE5jxLAuEIme1R0yGOLdU40c%3d",45,"Connecticut",1478,"Division I","Metro East","Eastern Metro East DI",24,4,68,0.710675847940871
"62","Brigham Young (CHI)","College","Women","Orem","UT","/teams/events/Eventteam/?TeamId=GyIWE10yaReEHY1YEkoUTP7LiB%2bwS%2fGAo%2bK8ykiHGeE%3d",52,"Brigham Young",1432,"Division I","Northwest","Big Sky DI",11,9,26,0.644597977419721
"63","Columbia (PANDEMIC)","College","Women","New York City","NY","/teams/events/Eventteam/?TeamId=xtcmP99PffxjvtIyS%2bClt6%2fpSpsjbnF7TEqh3uZ9fhw%3d",49,"Columbia",1456,"Division I","Metro East","Eastern Metro East DI",18,5,66,0.619445294477439
"64","Truman State (TSUnami Women's Ultimate)","College","Women","Kirksville","MO","/teams/events/Eventteam/?TeamId=4dGkX7XixfnEBcwY0prdutLhYCSbw4%2bsWkRMSjvap%2fQ%3d",80,"Truman State",1206,"Division III","South Central","South Central DIII",18,8,269,0.613272244823873
"65","SUNY-Geneseo  (Escargot 2017)","College","Women","Geneseo","NY","/teams/events/Eventteam/?TeamId=nMoLJNgmDySZwtuEupQyAhZKjZJqEHGPq0b8awgOZXM%3d",66,"SUNY-Geneseo",1297,"Division III","Metro East","Western NY DIII",18,2,248,0.599462617283862
"66","Harvard (Quasar)","College","Women","Cambridge","MA","/teams/events/Eventteam/?TeamId=hUSGGPgTIUluMR1pCr5MFkf08km7d8twZk9M7y%2fIkXc%3d",53,"Harvard",1394,"Division I","New England","Metro Boston DI",19,11,115,0.573032397974214
"67","John Brown (Savage Skies)","College","Women","Siloam Springs","AR","/teams/events/Eventteam/?TeamId=vCGDnpUUe%2b6vjco%2fixY%2bDyz8sLTg1l%2bvi44Dd52iJis%3d",109,"John Brown",999,"Division III","South Central","South Central DIII",16,5,128,0.558852719948375
"68","Utah (Spiral Jetty Ultimate)","College","Women","Salt Lake City","UT","/teams/events/Eventteam/?TeamId=m73fSOCvwN44i%2bdz5xhcrmYANr7M%2b367mEqrQV480Jw%3d",100,"Utah",1035,"Division I","Northwest","Big Sky DI",18,12,276,0.538368514389633
"69","Bowdoin (Chaos Theory)","College","Women","Brunswick","ME","/teams/events/Eventteam/?TeamId=8wF5GL2mV8K8mXy8Et985w2ZPG%2fg6XXKx7l0kuoRxgo%3d",41,"Bowdoin",1521,"Division III","New England","North New England DIII",17,5,24,0.513807879170063
"70","Illinois (Illinois)","College","Women","Champaign-Urbana","IL","/teams/events/Eventteam/?TeamId=JSxn5P2QdOHgK8bbGkZKmRGsGfa9vnfIpy%2bL7zmaV3Q%3d",57,"Illinois",1357,"Division I","Great Lakes","Illinois DI",14,12,121,0.513263700825302
"71","Puget Sound (Clearcut)","College","Women","Tacoma","WA","/teams/events/Eventteam/?TeamId=wp3pykW%2f%2bMusNgMn%2fqmhWXbVCwKKbLZPsolU3A2HUY0%3d",89,"Puget Sound",1157,"Division III","Northwest","Northwest DIII",13,13,214,0.512771620746257
"72","South Carolina (SCORCH)","College","Women","Columbia","SC","/teams/events/Eventteam/?TeamId=Ec801WfT2iJGXPljM5d9a1n%2fDibbrJRchytByoIGi%2b4%3d",60,"South Carolina",1329,"Division I","Atlantic Coast","Carolina DI",15,14,235,0.512385836627185
"73","Cincinnati (Snapbacks)","College","Women","Cincinnati","OH","/teams/events/Eventteam/?TeamId=EKcCmU1buLMPwucVJ41IhnLUPJjh4t0WpX7p780w67s%3d",47,"Cincinnati",1469,"Division I","Ohio Valley","Ohio DI",13,5,53,0.512368890022314
"74","Texas-San Antonio (Legion)","College","Women","San Antonio","TX","/teams/events/Eventteam/?TeamId=zYw%2fFLnyV9wJriIun5XPxYGP6XOAOE1BWkFLKsjHjtg%3d",188,"Texas-San Antonio",583,"Division I","South Central","Texas DI",14,13,259,0.495072701361008
"75","Washington University (Iron Horse)","College","Women","St. Louis","MO","/teams/events/Eventteam/?TeamId=AUu2RJq%2fMZhVFRQ%2bgXi45cGambK9DC4ICUIW5EXpf9E%3d",69,"Washington University",1285,"Division I","South Central","Ozarks DI",14,19,291,0.481150702604101
"76","Texas Christian (Wrath)","College","Women","Fort Worth","TX","/teams/events/Eventteam/?TeamId=BRqsin2RkfHTSmhvvtT%2bNmcIObj4FwArhRoj4Tk7Z%2bk%3d",105,"Texas Christian",1014,"Division I","South Central","Texas DI",17,12,262,0.475407457449801
"77","Idaho (Idaho Gems)","College","Women","Moscow","ID","/teams/events/Eventteam/?TeamId=heaBQJF9A6cDlIfU2KSi7kzDoIOFWI7yo8fN1tmS6Q4%3d",127,"Idaho",895,"Division I","Northwest","Big Sky DI",12,12,120,0.471014779816487
"78","Massachusetts (Lady Zoo)","College","Women","Amherst","MA","/teams/events/Eventteam/?TeamId=%2fNwIx0WpSu9ZujXwVbVps7GeOjB1Rn8z9DGw6%2bQDga8%3d",71,"Massachusetts",1270,"Division I","New England","Greater New England DI",14,16,151,0.466155524157353
"79","Montana (MT PillowFight)","College","Women","Missoula","MT","/teams/events/Eventteam/?TeamId=%2bquXdUAgZAajPeHi%2bR0xZ8cjX%2fbKKXJCONCoXZbka4I%3d",122,"Montana",933,"Division I","Northwest","Big Sky DI",7,8,167,0.460194627862376
"80","St Olaf (Vortex)","College","Women","Northfield","MN","/teams/events/Eventteam/?TeamId=L%2bnaiOICsvpoS48z0cK2A4y5EqRNtneUxyv3GkY%2fTAo%3d",70,"St Olaf",1276,"Division III","North Central","North Central DIII",15,11,241,0.442084580102853
"81","Arizona State (Caliente)","College","Women","Tempe","AZ","/teams/events/Eventteam/?TeamId=9QmSNfSq%2fuqxIIn55N8CGSqeSki6bWQ3qBrHOaLjnYk%3d",99,"Arizona State",1049,"Division I","Southwest","Desert DI",11,15,12,0.43220407116519
"82","Victoria (UVixens)","College","Women","Victoria","BC","/teams/events/Eventteam/?TeamId=UFP4dGqMw9CL%2fXnILhJSGCjhepT4PajAMtAv0G%2bHVcg%3d",81,"Victoria",1199,"Division I","Northwest","Cascadia DI",8,16,282,0.425745400674079
"83","Denver (Hype )","College","Women","Denver","CO","/teams/events/Eventteam/?TeamId=iqD37pXMEw%2bbep2hg73k0Dmy4f%2fW8iB2A1kScChAPks%3d",74,"Denver",1231,"Division I","South Central","Rocky Mountain DI",18,11,78,0.421776835588372
"84","Case Western Reserve (Fighting Gobies)","College","Women","Cleveland","OH","/teams/events/Eventteam/?TeamId=kNe%2fJLR%2bW0SBoryXfzjmdrmGKfe16ctQxrfLF5S6TKE%3d",61,"Case Western Reserve",1322,"Division I","Ohio Valley","Ohio DI",16,9,45,0.407382648280344
"85","Oregon State  (Dinos)","College","Women","Corvallis","OR","/teams/events/Eventteam/?TeamId=ceWhAnmm9hJmU5H3pBVY9tSZB3SU0vYtVD263mLD3yo%3d",97,"Oregon State",1057,"Division I","Northwest","Cascadia DI",14,10,201,0.407123964637756
"86","Middlebury (Middlebury Lady Pranksters)","College","Women","Middlebury","VT","/teams/events/Eventteam/?TeamId=ismDmdHInaC%2bEln9S7%2f35aQnU2KtA4BK%2b0pFjpVhnQw%3d",72,"Middlebury",1269,"Division I","New England","Greater New England DI",11,13,158,0.403248447497193
"87","Maryland (Helpful Corn)","College","Women","College Park","MD","/teams/events/Eventteam/?TeamId=W1rKBAklwdksFfw8T6J9s4%2bxJKknScR1Ch%2fjCxUT3lk%3d",76,"Maryland",1218,"Division I","Atlantic Coast","Colonial DI",23,17,150,0.370779060189292
"88","Missouri State (Bearly Legal)","College","Women","Springfield","MO","/teams/events/Eventteam/?TeamId=lQi4946YJw5WX0JUGsWbg7u6O1AGwvMzgWpfvN6XWtM%3d",85,"Missouri State",1178,"Division I","South Central","Ozarks DI",15,8,165,0.357750436361449
"89","Boise State (Buffalo Gals)","College","Women","Boise","ID","/teams/events/Eventteam/?TeamId=%2fmrjSLct5hWpusPeWOwZTJiyMEPJsnI52zcXdqr5WnE%3d",136,"Boise State",862,"Division I","Northwest","Big Sky DI",10,14,20,0.354944238734428
"90","Indiana (Calamity Jane)","College","Women","Bloomington","IN","/teams/events/Eventteam/?TeamId=aAUiRYJmi6fw7gapfnv1FuUHeQxTcbKFVsaQVRX9poU%3d",87,"Indiana",1166,"Division I","Great Lakes","Eastern Great Lakes DI",22,12,123,0.35097192115928
"91","Princeton (Clockwork Orange)","College","Women","Princeton","NJ","/teams/events/Eventteam/?TeamId=M4c6NyH72wgD7XUnMNbMsdoZ6EgQKLymSYLik7QJxSE%3d",64,"Princeton",1315,"Division I","Metro East","Eastern Metro East DI",21,11,213,0.330197122772067
"92","Santa Clara (Santa Clara RAGE A)","College","Women","Santa Clara","CA","/teams/events/Eventteam/?TeamId=fXsHBrvEI2JiOxJlZpAPzgDzHgT%2fRn8ozlHpu1Swu1Y%3d",95,"Santa Clara",1084,"Division I","Southwest","NorCal DI",8,14,230,0.320494821185721
"93","California-Santa Cruz (Sol)","College","Women","Santa Cruz","CA","/teams/events/Eventteam/?TeamId=jaq4l3e%2bBkW1BWT%2bIp8Kiv8AHuy%2bKXIEH2llLgEF5Ys%3d",153,"California-Santa Cruz",782,"Division I","Southwest","NorCal DI",8,18,40,0.311219302816878
"94","Texas-B (Mayhem)","College","Women","Austin","TX","/teams/events/Eventteam/?TeamId=bl89oVoIVl8Bfw7AUnUmWEHjAXwGkZHM2Czcko%2fbAX8%3d",198,"Texas B",536,"Developmental","South Central","Texas DI",14,13,257,0.306062638604074
"95","Iowa (Saucy Nancy)","College","Women","Iowa City","IA","/teams/events/Eventteam/?TeamId=RzDNayJWB2ePNdEnK1FH06lYuuLybCNh%2fKB2mk0OzQo%3d",83,"Iowa",1190,"Division I","North Central","Western North Central DI",18,16,124,0.303212432148087
"96","Valparaiso (Chicks Hucking Discs)","College","Women","Valparaiso","IN","/teams/events/Eventteam/?TeamId=gvN1mHREvSjJRrohwFOoXwvSgaqraYU7eAfSOE64BMg%3d",75,"Valparaiso",1221,"Division III","Great Lakes","Great Lakes DIII",18,5,277,0.298207925562995
"97","Humboldt State (Hags)","College","Women","Arcata","CA","/teams/events/Eventteam/?TeamId=fimUsGqNxS9OVlqfE1JIrq20ZyOplYViF9wpHtTbdhQ%3d",207,"Humboldt State",466,"Division I","Southwest","NorCal DI",3,13,119,0.297350497193483
"98","West Virginia (Mountain Mamas )","College","Women","Morgantown","WV","/teams/events/Eventteam/?TeamId=UcqpwvFK6qHgsIMb1%2bQ0RQQ4t3UI0sGqH9pI2SuYtZg%3d",113,"West Virginia",978,"Division I","Ohio Valley","Pennsylvania DI",15,9,297,0.277025384347885
"99","Texas State (Trainwreck)","College","Women","San Marcos","TX","/teams/events/Eventteam/?TeamId=8hF8JcZo%2fNSinJjoa93cz6q5CXHLrbjO476VNl9NbME%3d",123,"Texas State",932,"Division I","South Central","Texas DI",7,10,263,0.262112845018148
"100","Arizona (Scorch)","College","Women","Tucson","AZ","/teams/events/Eventteam/?TeamId=GGkstaja3nRBZNrxxa4PurKWoj4KYLu5vW4yBo7AqvU%3d",125,"Arizona",917,"Division I","Southwest","Desert DI",13,10,11,0.257548790330041
"101","Carnegie Mellon (Money Mellons)","College","Women","Pittsburgh","PA","/teams/events/Eventteam/?TeamId=2pz1%2fq7NMIFoTZztaRm7%2fG5t3F0nBgKYyKtI%2b4WCKvU%3d",88,"Carnegie Mellon",1162,"Division I","Ohio Valley","Pennsylvania DI",19,14,44,0.256526230821322
"102","Vanderbilt (VUDU)","College","Women","Nashville","TN","/teams/events/Eventteam/?TeamId=Gjdks5Kn%2fHZp8OehEx6z61TWqGyQ5vL4MZqTxqmqfac%3d",102,"Vanderbilt",1026,"Division I","Southeast","Gulf Coast DI",14,9,278,0.243735198176815
"103","Pennsylvania (Venus)","College","Women","Philadelphia","PA","/teams/events/Eventteam/?TeamId=KsbbG3e9hjvAPR2z6FSEWQzX%2fcviJhYoJV1DW0lq8J8%3d",67,"Pennsylvania",1295,"Division I","Ohio Valley","Pennsylvania DI",14,10,206,0.24241297050191
"104","Allegheny (Hellbenderitas)","College","Women","Meadville","PA","/teams/events/Eventteam/?TeamId=GinWetxm%2fZvZ0N%2fUTK%2bWtlzBHHljo7gF5JVni%2fRSsKM%3d",137,"Allegheny",848,"Division III","Ohio Valley","Pennsylvania DIII",16,9,4,0.230578872280094
"105","Texas A&M (Stacked)","College","Women","College Station","TX","/teams/events/Eventteam/?TeamId=J9Mp7zavFaZsq1J6q2KGSNu8bROsHL3FF5%2fPIf8i6VU%3d",223,"Texas A&M",334,"Division I","South Central","Texas DI",7,17,261,0.228213892036859
"106","Emory (Luna)","College","Women","Atlanta","GA","/teams/events/Eventteam/?TeamId=YjH5Be5SmJItq9F6JJEz0uJmsB1dnEmdrcQeSWjuQrU%3d",111,"Emory",995,"Division I","Southeast","Southern Appalachian DI",13,20,89,0.226873976105045
"107","Rice (Torque)","College","Women","Houston","TX","/teams/events/Eventteam/?TeamId=Yh65PySVpe3r%2bS1fB%2fV0LYxh3QwQOKwcC1I091GG4Tk%3d",132,"Rice",878,"Division III","South Central","South Central DIII",9,9,220,0.226377649431417
"108","George Mason (Extinction)","College","Women","Fairfax","VA","/teams/events/Eventteam/?TeamId=yJdYfZOkNxNg9xjDxGi2v5CRYZImONJavWr5UBkehso%3d",82,"George Mason",1193,"Division I","Atlantic Coast","Virginia DI",20,12,96,0.221052876837487
"109","Bates (Cold Front)","College","Women","Lewiston","ME","/teams/events/Eventteam/?TeamId=hONT5IoYyMOej8m%2fgVn5s2Q7Pvd%2bknoOF5NeCCUZj8I%3d",79,"Bates",1211,"Division III","New England","North New England DIII",15,9,15,0.202527527107001
"110","Akron (Akron Gold Diggers)","College","Women","Akron","OH","/teams/events/Eventteam/?TeamId=b6POmTmChPnl0QrwX47ca3ZTz7NInHZIfPtXzFS7seU%3d",62,"Akron",1322,"Division I","Ohio Valley","Ohio DI",15,10,1,0.201240683884776
"111","Grinnell (Sticky Tongue Frogs)","College","Women","Grinnell","IA","/teams/events/Eventteam/?TeamId=WxraChEEU%2fWzWRJGpJYI0mFJdA6oMf3Jx7ui%2bFSECFo%3d",112,"Grinnell",981,"Division III","North Central","North Central DIII",10,10,110,0.195565262507208
"112","LSU (LSU Women's Ultimate)","College","Women","Baton Rouge","LA","/teams/events/Eventteam/?TeamId=vvoDLhQNZW88z2QwVnJSES1zhstejPuhlzZfRm10Fi0%3d",119,"LSU",946,"Division I","Southeast","Gulf Coast DI",17,13,142,0.193128005606171
"113","Occidental (Women's Air Corps (WAC))","College","Women","Los Angeles","CA","/teams/events/Eventteam/?TeamId=bBtPSQ8H6VIzp54qeLSVVu1odv03c%2bGnSE6%2fBM%2f8qJU%3d",219,"Occidental",349,"Division III","Southwest","SoCal DI",6,12,192,0.179509094657566
"114","Haverford (Sneetches)","College","Women","Haverford","PA","/teams/events/Eventteam/?TeamId=C9rF5TVDf6p7dt1CLN%2fh70cv1rPoWOTRIMJzA4Ghovw%3d",110,"Haverford",995,"Division III","Ohio Valley","Pennsylvania DIII",15,13,117,0.174139982357975
"115","Claremont (Claremont Greenshirts)","College","Women","Claremont","CA","/teams/events/Eventteam/?TeamId=9C95jEk9hknjbpo9tEQnyOJW4x3j%2bAho7KYtkbMArdI%3d",167,"Claremont",712,"Division III","Southwest","SoCal DI",6,16,54,0.170951924572282
"116","Lehigh (Gravity)","College","Women","Bethlehem","PA","/teams/events/Eventteam/?TeamId=pQBlM8xf4PnlBhv%2bwf73CdEq63KdVknYL1%2fxfZJ2cFU%3d",151,"Lehigh",800,"Division III","Ohio Valley","Pennsylvania DIII",18,19,138,0.169199366850996
"117","Tennessee (Big Orange Screw)","College","Women","Knoxville","TN","/teams/events/Eventteam/?TeamId=tOJG0nZoYyy9evPyp1X2K4ARJJqDEwGyV8uBP77OFxA%3d",115,"Tennessee",970,"Division I","Southeast","Southern Appalachian DI",14,17,256,0.167629317530161
"118","Saint Louis (Anarchy)","College","Women","St. Louis","MO","/teams/events/Eventteam/?TeamId=T86Mv6q2QCHumzA7xAVDXi4Z%2b8hZKs%2fjiyp3KP3Jq%2bM%3d",96,"Saint Louis",1057,"Division I","South Central","Ozarks DI",13,7,226,0.162391771978179
"119","Northern Arizona (Jines in the Pines)","College","Women","Flagstaff","AZ","/teams/events/Eventteam/?TeamId=5BKD%2fb5PSoCi4vEnqmYnyQ%2bvPTXR6yTtWFKiWBrqT6M%3d",190,"Northern Arizona",582,"Division I","Southwest","Desert DI",6,4,183,0.160681300906204
"120","Brown (Disco Inferno)","College","Women","Providence","RI","/teams/events/Eventteam/?TeamId=lnRQKGhhWqRexTEXdHbQUe6cnZF%2fJcwaIxUwEjNwvKE%3d",91,"Brown",1126,"Division I","New England","Greater New England DI",10,15,29,0.154136423390959
"121","Boston University (Lady Ozone Pilots)","College","Women","Boston","MA","/teams/events/Eventteam/?TeamId=WV8hpuEUdoOM%2bSCQhvx3JRA5eB6Hi%2bQh8Tg28Ooch6g%3d",107,"Boston University",1005,"Division I","New England","Metro Boston DI",10,14,23,0.152766587088688
"122","Towson (Hammertime)","College","Women","Towson","MD","/teams/events/Eventteam/?TeamId=r%2bkga8S3ZWaK9BH7Gt%2fLJsN%2bID90K4uVopcWvNeVwJ8%3d",114,"Towson",975,"Division I","Atlantic Coast","Colonial DI",21,12,267,0.152229119424193
"123","American (Dirty Ladies)","College","Women","Washington","DC","/teams/events/Eventteam/?TeamId=CR0FpeYVM%2bYJIcfmKkeghScWAbp9GrMeSaJoWNdSXWg%3d",108,"American",1000,"Division I","Atlantic Coast","Colonial DI",16,15,6,0.147541205455239
"124","Pacific Lutheran (Reign)","College","Women","Tacoma","WA","/teams/events/Eventteam/?TeamId=sg%2fcrVBbhBaVST%2buG183vDa8DQj%2ble1UlMzJJ%2b4bSQk%3d",165,"Pacific Lutheran",717,"Division III","Northwest","Northwest DIII",10,7,203,0.147465188103028
"125","Georgia College (Lynx Rufus)","College","Women","MIlledgeville","GA","/teams/events/Eventteam/?TeamId=oBy%2fYsD4CFWHxceGY9znDDUCl3YKBWgq4VmPrFvg%2bnI%3d",98,"Georgia College",1055,"Division III","Southeast","Southern Appalachian DI",13,10,102,0.146756463815426
"126","Amherst (Sparkle Motion)","College","Women","Amherst","MA","/teams/events/Eventteam/?TeamId=sZdp9PlEFWU%2frLprBgUM8B7hFFTSm3o0bW%2fPg3wr2Xw%3d",90,"Amherst",1128,"Division III","New England","South New England DIII",13,10,8,0.144926090224691
"127","Lewis & Clark (Artemis)","College","Women","Portland","OR","/teams/events/Eventteam/?TeamId=MAtH99eyVF%2fBNIo9YVs37Icj5hCUHkR0aDjEkSpc5bs%3d",169,"Lewis & Clark",706,"Division III","Northwest","Northwest DIII",7,16,139,0.142499502257569
"128","Arkansas (SoCo)","College","Women","Fayetteville","AR","/teams/events/Eventteam/?TeamId=QmXZSEyPsRsD60gzDD4yzfgnDIaYhlsMftuA6kQazpQ%3d",124,"Arkansas",930,"Division I","South Central","Ozarks DI",11,13,13,0.142328181482939
"129","Nevada-Reno (Black Ice)","College","Women","Reno","NV","/teams/events/Eventteam/?TeamId=FC3FeLHq4toa7apaT37TvxdWBBcbpeEuay3NhIqn5mQ%3d",181,"Nevada-Reno",618,"Division I","Southwest","NorCal DI",4,17,171,0.140205676231033
"130","Cal State-Long Beach (No Regrets)","College","Women","Long Beach","CA","/teams/events/Eventteam/?TeamId=EdxuQkf%2fsk7F8fhHuJEqLvSi9RJPl1z0UEGfxzhCL4I%3d",155,"Cal State-Long Beach",768,"Division I","Southwest","SoCal DI",6,8,32,0.139922184628911
"131","Winona State (Bad Monaz)","College","Women","Winona","MN","/teams/events/Eventteam/?TeamId=9I5u8GMaMXrdSNJXxjjGXqJRDY%2feUJRZnqFeetZTj38%3d",77,"Winona State",1214,"Division I","North Central","Western North Central DI",8,4,305,0.139607210878846
"132","Tulane (Muses)","College","Women","New Orleans","LA","/teams/events/Eventteam/?TeamId=2O31tH2qw7RJ%2b7Px1WgeZNK7%2bmtQkbk7T%2bkm6QvmVRg%3d",144,"Tulane",816,"Division I","Southeast","Gulf Coast DI",9,11,272,0.129912537208243
"133","Colorado-B (Devi)","College","Women","Boulder","CO","/teams/events/Eventteam/?TeamId=Ix5A%2fdLQlj%2b8aQtCi6yP6CwR3sloQzTMMcXO3Nj87xY%3d",142,"Colorado B",832,"Developmental","South Central","Rocky Mountain DI",6,9,61,0.129542597937921
"134","James Madison (Bitchmonkeys)","College","Women","Harrisonburg","VA","/teams/events/Eventteam/?TeamId=WFUpgjT3pvD6aoINFhtL0TeJWbGmy3nwazzUUQCGiM4%3d",94,"James Madison",1098,"Division I","Atlantic Coast","Virginia DI",19,13,127,0.123945644276853
"135","Trinity (Altitude)","College","Women","San Antonio","TX","/teams/events/Eventteam/?TeamId=uV7Hctq%2fzm1YtO6NFoNIyIDGbU8AIF5GK419u3mRB2A%3d",262,"Trinity",-3,"Division III","South Central","South Central DIII",2,22,268,0.119520716530251
"136","Nebraska (Cuddle Raptors)","College","Women","Lincoln","NE","/teams/events/Eventteam/?TeamId=dIGmJoZvLHtinILYzLm7YGeRIlmrhEieXs07eRyQmK8%3d",158,"Nebraska",759,"Division I","North Central","Western North Central DI",12,20,170,0.113982896834117
"137","Skidmore (Skidmore College ThoroughBEARS)","College","Women","Saratoga Springs","NY","/teams/events/Eventteam/?TeamId=9g%2fJ3kuVswmmR0dJI%2byhKObxGUmF0Y8Dxy9WKYxHRdc%3d",117,"Skidmore",967,"Division III","Metro East","Eastern Metro East DIII",18,6,232,0.112669404265901
"138","Mount Holyoke (Daisy Chain)","College","Women","South Hadley","MA","/teams/events/Eventteam/?TeamId=gHteUx32cCZ0teqOvgZpTvcIRVwxLDJDC17R4rRXoeU%3d",86,"Mount Holyoke",1175,"Division III","New England","South New England DIII",14,13,169,0.1121763027306
"139","Wisconsin-La Crosse (Galaxy)","College","Women","La Crosse","WI","/teams/events/Eventteam/?TeamId=WbVlJ5h6FZb%2f4K7Q91zQhnIGXRPmleIaU0Iwi2EkMRU%3d",101,"Wisconsin-La Crosse",1034,"Division I","North Central","Lake Superior DI",13,10,309,0.107745994743126
"140","Oklahoma (Never Mrs)","College","Women","Norman","OK","/teams/events/Eventteam/?TeamId=9mZQ4N3JWR5vmMZ6tScE2Yw4s8ZRoyLCWiOsN9YRV98%3d",157,"Oklahoma",760,"Division I","South Central","Ozarks DI",12,13,198,0.107708974193735
"141","SUNY-Oneonta (Love$eat)","College","Women","Oneonta","NY","/teams/events/Eventteam/?TeamId=GwaRpdJ%2bPRfBDpLrmzUMhMVPJ1fLQk3gN6TguH7rEsw%3d",139,"SUNY-Oneonta",846,"Division III","Metro East","Western NY DIII",13,7,249,0.10714075400619
"142","Alabama (Ramma Jamma)","College","Women","Tuscaloosa","AL","/teams/events/Eventteam/?TeamId=nBs0jW40%2fYHvq1%2blK9%2fb9GkEYJB8rmulUoqvctJuD6Y%3d",146,"Alabama",813,"Division I","Southeast","Gulf Coast DI",18,13,3,0.103421664886021
"143","Catholic (Nun Betta)","College","Women","Washington","DC","/teams/events/Eventteam/?TeamId=dSGFsvKj6zvGLr%2fhRkna1LNL8d97VCwRnLdpauEMick%3d",121,"Catholic",940,"Division III","Atlantic Coast","Atlantic Coast DIII",19,14,46,0.103222994945769
"144","College of New Jersey (Anarchy)","College","Women","Ewing","NJ","/teams/events/Eventteam/?TeamId=YTf0guwmOh7uTbvFwtAuq7pQLHB3%2berfA3Px2D3s8wY%3d",150,"College of New Jersey",800,"Division III","Metro East","Eastern Metro East DIII",13,14,60,0.101120573470578
"145","Luther (Freya)","College","Women","Decorah","IA","/teams/events/Eventteam/?TeamId=5w67pNwS3iH7Il2telvK3dsSCeFPNq6xPnsm%2fXbOovI%3d",128,"Luther",891,"Division III","North Central","North Central DIII",9,9,143,0.0982810796366372
"146","Macalester (Pursesnatchers)","College","Women","Saint Paul","MN","/teams/events/Eventteam/?TeamId=R5DWcWK%2f4iaZsFC%2bZ9pJudcpOnEvfkObnQWZhtk3IFg%3d",148,"Macalester",806,"Division III","North Central","North Central DIII",7,5,144,0.0960090815549397
"147","SUNY-Binghamton  (Big Bear )","College","Women","Binghamton","NY","/teams/events/Eventteam/?TeamId=2jwCbVfS5qpHZcr1txN4VuzZUFzEnBVPZR1uEStLFkI%3d",104,"SUNY-Binghamton",1022,"Division I","Metro East","Western NY DI",13,14,245,0.0900043215432891
"148","SUNY-Stony Brook (Smash)","College","Women","Stony Brook","NY","/teams/events/Eventteam/?TeamId=V46IwX86LSY0twm4ulc9%2f7lEyfGB8h0R2FuyDM4t7Qk%3d",118,"SUNY-Stony Brook",952,"Division I","Metro East","Eastern Metro East DI",15,9,250,0.0826497078694806
"149","Mississippi (Landsharks)","College","Women","Oxford","MS","/teams/events/Eventteam/?TeamId=hf6gYBOFCjfpkx4O0i3qNp8RNBykLjvv4iKYWu%2b%2fuyQ%3d",147,"Mississippi",810,"Division I","Southeast","Gulf Coast DI",10,15,161,0.0814588728958857
"150","Purdue  (AMOC)","College","Women","West Lafayette","IN","/teams/events/Eventteam/?TeamId=uoW7qWFewpnqAbt6kpoRU%2f3J6PixbuhlM%2blOtEsrR3c%3d",116,"Purdue",969,"Division I","Great Lakes","Eastern Great Lakes DI",14,11,215,0.0813386179579496
"151","Rensselaer Polytech (Strut)","College","Women","Troy","NY","/teams/events/Eventteam/?TeamId=3EB7xsuF0QUP8aUFIPZoXDzrbzMdg%2bNXHaKyGf5GAhY%3d",161,"Rensselaer Polytech",738,"Division III","Metro East","Eastern Metro East DIII",16,11,217,0.08111137777811
"152","Missouri S&T (Miner Threat)","College","Women","Rolla","MO","/teams/events/Eventteam/?TeamId=3hXStfnyuMBmM0GcOQ1y8XfbyaUgfxiXsiTT5FwrU4E%3d",129,"Missouri S&T",891,"Division III","South Central","South Central DIII",7,6,164,0.081018649622691
"153","Michigan State (Infamous)","College","Women","East Lansing","MI","/teams/events/Eventteam/?TeamId=TXE8qaKVyTgzR2zFYJaBdy5P4NZSa7uB68qpqGeMFEU%3d",106,"Michigan State",1012,"Division I","Great Lakes","Eastern Great Lakes DI",18,9,157,0.0793457529868507
"154","California-San Diego-B (California-San Diego-B)","College","Women","La Jolla","CA","/teams/events/Eventteam/?TeamId=Ub%2bLpLOQR1BpN%2fvaN5Vgyal2x0PjgyONd4xmEr8wDMQ%3d",201,"California-San Diego B",526,"Developmental","Southwest","Southwest Dev",9,10,37,0.0787644288571259
"155","Rutgers (Rutgers Nightshade)","College","Women","New Brunswick","NJ","/teams/events/Eventteam/?TeamId=ZZNJwc4iiudiN5Om3Ws%2beqaK4p3IhqoGVlPOM9mMNNk%3d",133,"Rutgers",875,"Division I","Metro East","Eastern Metro East DI",17,16,224,0.0784178932151037
"156","MIT (sMITe)","College","Women","Cambridge","MA","/teams/events/Eventteam/?TeamId=MaIpOTSAjSlOeJ9ekRzvudBcwmIITeExkPdj5GEZ52M%3d",103,"MIT",1022,"Division I","New England","Metro Boston DI",6,17,166,0.0759267490152696
"157","Portland State (Osiks)","College","Women","Portland","OR","/teams/events/Eventteam/?TeamId=rg4hqnZW%2fW430ZYlbxOG%2bp1LJnBXSJqFdJieVfrwvFQ%3d",187,"Portland State",592,"Division I","Northwest","Cascadia DI",7,17,211,0.0726607528790092
"158","Loyola-Chicago (Sirens)","College","Women","Chicago","IL","/teams/events/Eventteam/?TeamId=wA1gxuuk96SzU4NK888bfnSTfVbYmlvYOzOJkgIf2mo%3d",154,"Loyola-Chicago",770,"Division I","Great Lakes","Illinois DI",12,9,141,0.0724790463809537
"159","Wellesley (Whiptails)","College","Women","Wellesley","MA","/teams/events/Eventteam/?TeamId=vt84CP34%2fFazTyLOhK1QXJKUAZvQSR86c6kvK86VtwQ%3d",140,"Wellesley",842,"Division III","New England","Metro Boston DIII",13,9,293,0.0717986559406691
"160","Mississippi State (Night Mare)","College","Women","Starkville","MS","/teams/events/Eventteam/?TeamId=CFMhcAxHEfHffUDP1PRL%2b7IsYsD94O0LtIDHGqJQls4%3d",192,"Mississippi State",567,"Division I","Southeast","Gulf Coast DI",8,18,162,0.0699052785296067
"161","Rhode Island (Disky Business)","College","Women","Kingston","RI","/teams/events/Eventteam/?TeamId=bFpC2vQlfFEFRlcii1HQcWHGELKr%2f5W30P1GWLoR%2bik%3d",92,"Rhode Island",1121,"Division I","New England","Greater New England DI",7,5,219,0.0682904179351127
"162","Maryland-B (Cosmic Ultimate)","College","Women","College Park","MD","/teams/events/Eventteam/?TeamId=N%2fQ8jJSeUMS03GlsdMmW%2bVmcM4yHG1IRKQVnOe%2bhdgk%3d",145,"Maryland B",814,"Developmental","Atlantic Coast","Atlantic Coast Dev",16,3,148,0.0668662236870477
"163","St Benedict (Rapture)","College","Women","St. Joseph","MN","/teams/events/Eventteam/?TeamId=qE57UeJ7BtJHPoguGjlsKPzQufnim7BjkA4ikMkdJiI%3d",138,"St Benedict",848,"Division III","North Central","North Central DIII",10,9,239,0.0653508583349009
"164","Wisconsin-Stevens Point (Shockwave)","College","Women","Stevens Point","WI","/teams/events/Eventteam/?TeamId=gicJKw4GZH%2fCKc8MyQ9ySuOyqIDWrL5RyaMoQP%2b0IIw%3d",126,"Wisconsin-Stevens Point",900,"Division I","North Central","Lake Superior DI",8,18,311,0.0598256563712265
"165","Wisconsin-Milwaukee (BlackCat )","College","Women","Milwaukee","WI","/teams/events/Eventteam/?TeamId=5grHBEk6Xyzb7UV%2faUbhO6I%2bHjdc%2fhvZ0NOkDZ88Ueo%3d",171,"Wisconsin-Milwaukee",698,"Division I","North Central","Lake Superior DI",8,11,310,0.0590029444346778
"166","Rochester (EZ Women)","College","Women","Rochester","NY","/teams/events/Eventteam/?TeamId=D%2bwhutq9Ty0zZXGinjjOv95wohSCiQ8f4Cw%2fmlGfFaw%3d",134,"Rochester",873,"Division I","Metro East","Western NY DI",13,7,222,0.0583333701404398
"167","Ottawa (GeeGees)","College","Women","Ottawa","Ontario","/teams/events/Eventteam/?TeamId=cG0d7l2gcIWZ%2bEQNGW9Z5EAJ0QGPL%2b5j%2bMwvALy8Cxg%3d",84,"Ottawa",1187,"Division I","Metro East","Western NY DI",9,7,202,0.0559523053635
"168","Santa Clara-B (Santa Clara RAGE B)","College","Women","Santa Clara","CA","/teams/events/Eventteam/?TeamId=3nA4Qx1h1a3jNKv3CQWDvj%2f1CmBKH6UjvqMzcchDdjo%3d",257,"Santa Clara B",50,"Developmental","Southwest","Southwest Dev",7,11,229,0.0556567561432112
"169","DePaul (Laser Chains)","College","Women","Chicago","IL","/teams/events/Eventteam/?TeamId=V0eo6r%2b3r14Qh9s9D%2fPvlY%2ft75afsqbWo1epA7Eaf6w%3d",177,"DePaul",647,"Division I","Great Lakes","Illinois DI",8,11,79,0.0522983581779342
"170","Georgia Southern (Southern Sirens)","College","Women","Statesboro","GA","/teams/events/Eventteam/?TeamId=gYz89kpazF4fNzjx5GpMlSlt48pyYoZOW8PbHXCxIAs%3d",241,"Georgia Southern",210,"Division I","Southeast","Southern Appalachian DI",4,13,103,0.0522602852878001
"171","South Florida (Scallywenches)","College","Women","Tampa","FL","/teams/events/Eventteam/?TeamId=daMfgoV%2fFC3QiRkjRz6JGj0Qdsiq3tRL6OJPXiuJnPA%3d",168,"South Florida",710,"Division I","Southeast","Florida DI",9,13,236,0.0518477531477062
"172","California-Irvine (Grass Ninjas)","College","Women","Irvine","CA","/teams/events/Eventteam/?TeamId=4Ey%2ffFygOoPQ3FtKJZIPsdfCt7MMmr3iYhbioKRcvNg%3d",205,"California-Irvine",489,"Division I","Southwest","SoCal DI",2,14,36,0.0513341147102497
"173","California-Davis-B (UC Davis -B)","College","Women","Davis","CA","/teams/events/Eventteam/?TeamId=dFKQ8fUVBDsUVFgnD%2bdIMbrfgJMPMeTznAkMdfjm25I%3d",182,"California-Davis B",618,"Developmental","Southwest","Southwest Dev",8,5,34,0.0502901355084157
"174","Swarthmore (Warmothers)","College","Women","Swarthmore","PA","/teams/events/Eventteam/?TeamId=TL8nNMzOhB%2fV6tENL0mEwHerci5XDIBJ4lk%2fFFi5E2U%3d",202,"Swarthmore",519,"Division III","Ohio Valley","Pennsylvania DIII",10,18,252,0.0458763287120705
"175","Delaware-B (Sideshow)","College","Women","Newark","DE","/teams/events/Eventteam/?TeamId=y9IFgkb6NzHEmGspnlR0TfD2Cbro0CSMaRFIgAlDQhc%3d",164,"Delaware B",723,"Developmental","Atlantic Coast","Atlantic Coast Dev",14,5,76,0.0456892201257285
"176","Oberlin  (Preying Manti A)","College","Women","Oberlin","OH","/teams/events/Eventteam/?TeamId=DLHU3Jn2ogr30qcwEHhNI27kWRV8e9ROK0n%2fEYBXTik%3d",143,"Oberlin",818,"Division III","Ohio Valley","Ohio DIII",19,8,191,0.0454144117327103
"177","Messiah (Falcons)","College","Women","Mechanicsburg","PA","/teams/events/Eventteam/?TeamId=DovRfRZgvlH9STkPSvlp%2bow5fFxaFESZejVKiTsWqLY%3d",204,"Messiah",500,"Division III","Ohio Valley","Pennsylvania DIII",11,15,152,0.0434278411112279
"178","Elon (Wild Rumpus)","College","Women","Elon","NC","/teams/events/Eventteam/?TeamId=68E3gOoti4eHgaIAOl152CFbxpwWhhX1q385%2buNZ7dY%3d",156,"Elon",768,"Division III","Atlantic Coast","Atlantic Coast DIII",10,11,87,0.0421336951722805
"179","Charleston (Charleston Hobos)","College","Women","Charleston","SC","/teams/events/Eventteam/?TeamId=fMnZOgwFf6z1oLD6f6Gqn8WGcQyw74fJow%2bQbXxQxW4%3d",NA,NA,NA,NA,NA,NA,3,9,49,0.0417922133567035
"180","Illinois State (Lady Gnomes)","College","Women","Normal","IL","/teams/events/Eventteam/?TeamId=7vHMnFyXR9aFaU6wkh9we7TDuNtxyCk8Qva8ksAMQng%3d",173,"Illinois State",689,"Division I","Great Lakes","Illinois DI",6,14,122,0.0397860208197767
"181","North Georgia (Aurea Ultimate)","College","Women","Dahlonega","GA","/teams/events/Eventteam/?TeamId=7hBkPBwqvhUSBdzBIW7kTLeEBo8ygWFpX3vSf5VuuQ0%3d",183,"North Georgia",614,"Division III","Southeast","Southern Appalachian DI",8,17,179,0.0395057375369503
"182","NYU (Violet Femmes)","College","Women","New York","NY","/teams/events/Eventteam/?TeamId=G0XzI8MIhfmYY910WaUIg2Qlo5s7veWeiWEhVV19vyc%3d",149,"NYU",803,"Division I","Metro East","Eastern Metro East DI",15,18,189,0.0389086292688172
"183","Hofstra  (M45)","College","Women","Hempstead","NY","/teams/events/Eventteam/?TeamId=JQPN0gnnw%2fphEiw%2bRusFcakbB9T9wnpolzB9MZgp0%2bY%3d",NA,NA,NA,NA,NA,NA,10,17,118,0.0388221711621062
"184","Temple (T.U.F Broads)","College","Women","Philadelphia","PA","/teams/events/Eventteam/?TeamId=I%2bkexAPcQK%2b%2b3gBCnnWehnCQ33mVsqzgW4bhymZXq6c%3d",172,"Temple",692,"Division I","Ohio Valley","Pennsylvania DI",9,16,254,0.0387058960614227
"185","Hamilton (Hot Saucers)","College","Women","Clinton","NY","/teams/events/Eventteam/?TeamId=P%2fLiohaIKHSb70E2d4zdHR7FQQplIq4gfGhTz31gIg4%3d",159,"Hamilton",752,"Division III","Metro East","Western NY DIII",9,8,111,0.0369770114461232
"186","California-B (Tarts)","College","Women","Berkeley","CA","/teams/events/Eventteam/?TeamId=NEwthAaD3dYXJxgqH0lqfFq7EeNtkX%2f4hgNrOdR8A9Y%3d",253,"California B",114,"Developmental","Southwest","Southwest Dev",4,15,33,0.0358573541035846
"187","Alabama-Birmingham (Ember)","College","Women","Birmingham","AL","/teams/events/Eventteam/?TeamId=lNM2yT%2bAZhtfCf8sNm5JV1gWawLbzGeogz3koHhR2J8%3d",185,"Alabama-Birmingham",595,"Division I","Southeast","Gulf Coast DI",6,21,2,0.0348229594565317
"188","North Carolina-B (Electra)","College","Women","Chapel Hill","NC","/teams/events/Eventteam/?TeamId=TSdxuQjaTTT%2bbn29YnFwv%2blQPrmXNKxPNS3LXSDtxEA%3d",163,"North Carolina B",724,"Developmental","Atlantic Coast","Atlantic Coast Dev",13,12,175,0.0337639274779893
"189","Dallas (Vitality)","College","Women","Irving","TX","/teams/events/Eventteam/?TeamId=106e1KhnxtHprxqO1nFEewGIxFbppLIQr%2f5o4gHSJ14%3d",245,"Dallas",188,"Division III","South Central","South Central DIII",2,3,72,0.0326496690579461
"190","Drake (iBex)","College","Women","Des Moines","IA","/teams/events/Eventteam/?TeamId=l3Ej51Gd44ULS68gh0ppTYYYDQYw3yUq00oCKrf9Dlo%3d",174,"Drake",677,"Division III","North Central","North Central DIII",9,9,81,0.0321078512503991
"191","East Carolina (Black Pearl)","College","Women","Greenville","NC","/teams/events/Eventteam/?TeamId=5h%2fS2zdI70ujb8OZmVgLyTuAKUOwdGxFEjyA%2fYeTfFI%3d",NA,NA,NA,NA,NA,NA,1,4,84,0.0318694000345652
"192","SUNY-Buffalo (The Lorax)","College","Women","Buffalo","NY","/teams/events/Eventteam/?TeamId=1tENDiwB18qc5Gmhqc8k8P%2fs%2b1m2EhvyCDc%2fMb2nygU%3d",221,"SUNY-Buffalo",338,"Division I","Metro East","Western NY DI",10,12,246,0.0297011524740519
"193","Dickinson (Jive Turkeys)","College","Women","Carlisle","PA","/teams/events/Eventteam/?TeamId=lDBoZiO1XJXUYBjub%2bpEO2Yy9s5zkxVZJnhC0ntGE58%3d",210,"Dickinson",436,"Division III","Ohio Valley","Pennsylvania DIII",5,11,80,0.0290781426965699
"194","Dayton (Kraken)","College","Women","Dayton","OH","/teams/events/Eventteam/?TeamId=Fkd7MpNM6CgjWG7SuZlVFHrMU4ZFSd74Uwg%2bVc3IIHo%3d",NA,NA,NA,NA,NA,NA,6,6,75,0.0283098466181207
"195","Montana State (Booty Chest)","College","Women","Bozeman","MT","/teams/events/Eventteam/?TeamId=%2fTg%2fBSNuV9jPCA3X0pxdCYb93M4AVRZXlG2S%2bi6Ir0A%3d",197,"Montana State",537,"Division I","Northwest","Big Sky DI",2,9,168,0.0273170120875622
"196","Drexel (Spitfire)","College","Women","Philadelphia","PA","/teams/events/Eventteam/?TeamId=FpEZjrEKa3XUqrhNpNgpsERhAiUcTQ43ogBysspzAQc%3d",263,"Drexel",-18,"Division I","Ohio Valley","Pennsylvania DI",4,14,82,0.0259996333953385
"197","Missouri (TerrorMizzou)","College","Women","Columbia","MO","/teams/events/Eventteam/?TeamId=uZ5D3q53CJVk3Tfr2zFniXhMPwH8rM%2b70eglmcwzJCI%3d",234,"Missouri",270,"Division I","South Central","Ozarks DI",7,18,163,0.0254741475893883
"198","Kansas State (Cheshire)","College","Women","Manhattan","KS","/teams/events/Eventteam/?TeamId=z%2fW6ortmjYV7nzsER%2fq9jP1IUlUS6aREeAwaF1Lcaho%3d",178,"Kansas State",641,"Division I","South Central","Ozarks DI",8,11,133,0.0245543794117477
"199","William & Mary (Mother Huckers)","College","Women","Williamsburg","VA","/teams/events/Eventteam/?TeamId=UdHEyOdObuuLU%2beZ%2bZlF28B1kZzIaV8A0P0mznh5MeA%3d",184,"William & Mary",610,"Division I","Atlantic Coast","Virginia DI",8,21,303,0.0242965152909398
"200","Gonzaga (ZULU)","College","Women","Spokane","WA","/teams/events/Eventteam/?TeamId=tLQ2RW6p0DMY5Sog640TbA%2beArulR%2bSFhA0c%2feyK8Jw%3d",NA,NA,NA,NA,NA,NA,1,4,107,0.0240349745956973
"201","Miami (Southern Tropical Depressions)","College","Women","Coral Gables","FL","/teams/events/Eventteam/?TeamId=xO1HeITWsIAu6DFE3Y1NrpGr8uBtF%2fr72P33xhQ6Ey0%3d",176,"Miami",648,"Division I","Southeast","Florida DI",7,13,154,0.0231524488077482
"202","Georgia Tech-B (Georgia Tech)","College","Women","Atlanta","GA","/teams/events/Eventteam/?TeamId=39Z4xjXUIBNk%2fpvSq413RPW17wqxSob7%2bFyhudf32TM%3d",130,"Georgia Tech B",886,"Division I","Southeast","Southern Appalachian DI",4,2,105,0.0225169477945989
"203","Vassar (Boxing Nuns)","College","Women","Poughkeepsie","NY","/teams/events/Eventteam/?TeamId=QWdQJAKVgWGuGNZMD6q202tCDvVV6KSEd6FVTzqJ6ww%3d",240,"Vassar",212,"Division III","Metro East","Eastern Metro East DIII",3,10,279,0.0221874967043164
"204","Wooster (Betty Gone Wild)","College","Women","Wooster","OH","/teams/events/Eventteam/?TeamId=oJc5aIAyNkb3FqIWQjXcqzoiDsUt%2frp7pzylVPu0xqk%3d",199,"Wooster",528,"Division III","Ohio Valley","Ohio DIII",17,8,314,0.0220470251261387
"205","Wake Forest  (Ruckus)","College","Women","Winston-Salem","NC","/teams/events/Eventteam/?TeamId=qXG6f%2bi7evYJOABVbb97pusmAQCuNW4V80iETttBRzk%3d",211,"Wake Forest",433,"Division I","Atlantic Coast","Carolina DI",5,17,287,0.021473672694143
"206","Wisconsin-Eau Claire (SOL)","College","Women","Eau Claire","WI","/teams/events/Eventteam/?TeamId=GpiWyqEz5Jh7bge1s44n4KUagw%2bvGSMvilf1qZurhL8%3d",186,"Wisconsin-Eau Claire",594,"Division I","North Central","Lake Superior DI",9,10,307,0.0213044170846083
"207","North Carolina-Asheville (Hellbenders)","College","Women","Asheville","NC","/teams/events/Eventteam/?TeamId=rdx9q6ZUKtHQENjJm%2bTSJljNMcJVVStg1MFtxBNRcqw%3d",189,"North Carolina-Asheville",583,"Division III","Atlantic Coast","Atlantic Coast DIII",9,12,174,0.0212121182207231
"208","UCLA-B (UCLA Midas)","College","Women","Los Angeles","CA","/teams/events/Eventteam/?TeamId=bAt6dpEiGYZh2J5LnUy5%2bS7tCrsKQryHmZjZevX1L58%3d",214,"UCLA B",396,"Developmental","Southwest","Southwest Dev",6,6,273,0.0210274361957052
"209","Ohio (Stacked)","College","Women","Athens","OH","/teams/events/Eventteam/?TeamId=YSA%2bf%2fsYz3rBDTORSuEf6fflmT0ssUZgPZ1ySB8mRO8%3d",141,"Ohio",840,"Division I","Ohio Valley","Ohio DI",11,9,193,0.0209048102755712
"210","Richmond (Richmond Redhots)","College","Women","Richmond","VA","/teams/events/Eventteam/?TeamId=h%2fLHIvvLejD4pEjT0ZrcG80ujYRT5pJGbcvfu13N7%2fo%3d",152,"Richmond",785,"Division III","Atlantic Coast","Atlantic Coast DIII",13,6,221,0.0198439846076644
"211","George Washington (G-dub Hippos A)","College","Women","Washington","DC","/teams/events/Eventteam/?TeamId=TumuqVImLwdfPHUGTkihqoeZeLnHaCPw8k2NRmPismU%3d",175,"George Washington",660,"Division I","Atlantic Coast","Colonial DI",10,19,98,0.0187916988014625
"212","Wesleyan-B (Vicious Circus B)","College","Women","Middletown","CT","/teams/events/Eventteam/?TeamId=N24W0LTcYmvgzg5RSrHik6TAxtfzmNHgqa4GNONc9DY%3d",238,"Wesleyan B",221,"Developmental","Metro East","Eastern Metro East DIII",1,5,294,0.0185491552654656
"213","Ohio Northern (Lightside)","College","Women","Ada","OH","/teams/events/Eventteam/?TeamId=HuoNfKYRjlS2XXAn6ArmlV3X37zd07tosmHBMjS5CaE%3d",203,"Ohio Northern",512,"Division III","Ohio Valley","Ohio DIII",7,7,194,0.0173112065942623
"214","Virginia Tech (Burnettes)","College","Women","Blacksburg","VA","/teams/events/Eventteam/?TeamId=6nJs1k%2fEk7TqqU4m7KOUAxannsz7mBLvsrJTrn2Ypkw%3d",170,"Virginia Tech",701,"Division I","Atlantic Coast","Virginia DI",8,18,286,0.0170816595790029
"215","Tennessee-Chattanooga (Moxie)","College","Women","Chattanooga","TN","/teams/events/Eventteam/?TeamId=Y73ak340Rd22gAgKFTsPAi%2f1HOt1JkVxXjTIfoqri0E%3d",195,"Tennessee-Chattanooga",544,"Division I","Southeast","Southern Appalachian DI",5,13,255,0.0165446889209523
"216","Minnesota-Duluth (LakEffect)","College","Women","Duluth","MN","/teams/events/Eventteam/?TeamId=k1w4DJ8RueiWBevgrRYhFxH6RyrZ6qTli%2bj7aP0cZfw%3d",206,"Minnesota-Duluth",483,"Division I","North Central","Western North Central DI",7,17,159,0.0136564776071928
"217","Virginia Commonwealth (Vendetta)","College","Women","Richmond","VA","/teams/events/Eventteam/?TeamId=MuwLlx4A3fZ9xMVizIE2x2r%2boBI0HoxsyeRjyhH%2ftFk%3d",191,"Virginia Commonwealth",576,"Division I","Atlantic Coast","Virginia DI",9,18,285,0.0127029291417726
"218","Marquette (Moxie)","College","Women","Milwaukee","WI","/teams/events/Eventteam/?TeamId=iFzvCupcxJ%2fvb%2f98%2flH0CYeAxGU6zhpXcw7%2bTDkoi%2bQ%3d",216,"Marquette",383,"Division I","North Central","Lake Superior DI",4,15,146,0.0122385030449416
"219","Mary Washington (Mary Massacre)","College","Women","Fredericksburg","VA","/teams/events/Eventteam/?TeamId=%2blYLJ%2f4DynXWdm%2fFO7YfOa4i%2b3Tzg%2fmCKG8rz9Cj04M%3d",208,"Mary Washington",456,"Division III","Atlantic Coast","Atlantic Coast DIII",9,13,147,0.0116319629663839
"220","New Hampshire (Oriza Ultimate)","College","Women","Durham","NH","/teams/events/Eventteam/?TeamId=utcXuzk8mMQBn%2b0ga5%2bHJFJYJ4AVwQGVFWmaJ7UVaRg%3d",160,"New Hampshire",744,"Division I","New England","Greater New England DI",5,8,172,0.0115624378860145
"221","Ohio Wesleyan (Yetis)","College","Women","Delaware","OH","/teams/events/Eventteam/?TeamId=fxHlwn7uTAvfUPkCmgFfKDvwHcWdLLN62KehjWqwrYA%3d",215,"Ohio Wesleyan",388,"Division III","Ohio Valley","Ohio DIII",11,16,197,0.0114061936160541
"222","Georgia State (Vixen)","College","Women","Atlanta","GA","/teams/events/Eventteam/?TeamId=qN7OFt0iCBYoeaXG9sbpJ%2blceZFkJ2FivUbRqTt27Uk%3d",225,"Georgia State",317,"Division I","Southeast","Southern Appalachian DI",4,12,104,0.010545425986001
"223","Toronto (Toronto)","College","Women","Toronto","Ontario","/teams/events/Eventteam/?TeamId=6zPNOuL1oKnfTGWUCo0zskn%2fiSqqn8KkwfSi4hxpnZY%3d",131,"Toronto",878,"Division I","Metro East","Western NY DI",3,2,265,0.0104806470830741
"224","Edinboro (Shaggus )","College","Women","Edinboro","PA","/teams/events/Eventteam/?TeamId=AM8%2biy15AO2VOqrRyVkmZdrQa2TvSyg4oJltzmJ3VN0%3d",226,"Edinboro",314,"Division I","Ohio Valley","Pennsylvania DI",5,10,86,0.00999730587323776
"225","North Park (Allihopa)","College","Women","Chicago","IL","/teams/events/Eventteam/?TeamId=mOrucXaAQgqvK2tS00t9LLnAumTHLJe8icG68TGtsTc%3d",180,"North Park",628,"Division III","Great Lakes","Great Lakes DIII",16,8,180,0.00952233677634672
"226","Grinnell-B (Grinneleanor Roosevelt)","College","Women","Grinnell","IA","/teams/events/Eventteam/?TeamId=9k8fV%2bKfBO33oy21sSn8fSHnUk2N1xRXS0LlWdOO5jk%3d",247,"Grinnell B",180,"Developmental","North Central","North Central DIII",4,15,109,0.00952188229685406
"227","Northeastern-B (Valkyries)","College","Women","Boston","MA","/teams/events/Eventteam/?TeamId=0zXaKC%2fEhvZKpK09HRq%2bnVcItvt9NvoLQbTUlr2iVZw%3d",229,"Northeastern B",296,"Developmental","New England","New England Dev",16,12,181,0.00944659486487327
"228","Baylor (Intrigue)","College","Women","Waco","TX","/teams/events/Eventteam/?TeamId=ZdR0ackffPnDPiklSfoRLsx4ya%2bHWuJg7WNvagA3ljk%3d",282,"Baylor",-197,"Division I","South Central","Texas DI",1,4,17,0.00943249545029076
"229","Tufts-B (BWO)","College","Women","Medford","MA","/teams/events/Eventteam/?TeamId=PO%2bJJ%2bdVP3kiq6Y3zuGkAGM2MtI1gqINjsE4wRgH6pY%3d",194,"Tufts B",549,"Developmental","New England","New England Dev",6,0,270,0.00836614653779517
"230","Whitman (Sweets (D-III))","College","Women","Walla Walla","WA","/teams/events/Eventteam/?TeamId=vPsOtsvd7UNbvoiu7VVskYrND82Mpx40loHRLK5J4c8%3d",NA,NA,NA,NA,NA,NA,1,5,301,0.00806691451669153
"231","Appalachian State (Nonads)","College","Women","Boone","NC","/teams/events/Eventteam/?TeamId=l88cnPjgfgbuguwwgV4Y6T2KmDgNewIpABq926kQYJU%3d",217,"Appalachian State",352,"Division I","Atlantic Coast","Carolina DI",1,15,9,0.00789467210233867
"232","Harvard-B (Harvard)","College","Women","Cambridge","MA","/teams/events/Eventteam/?TeamId=Y5MSld9Hrqx%2fd%2fhCiXYDRynGOL4UqqpSuzoI9rUAOmI%3d",255,"Harvard B",80,"Developmental","New England","North New England Dev",4,7,114,0.00774227478427653
"233","Wheaton (Illinois) (Wheaton Mastodonnas)","College","Women","Wheaton","IL","/teams/events/Eventteam/?TeamId=ic0r959TyFyWMt8RcQymhFUHaTnh72HCRopRXzk5JLg%3d",213,"Wheaton (Illinois)",413,"Division III","Great Lakes","Great Lakes DIII",11,8,300,0.00761704822035368
"234","Connecticut College (Aletheia )","College","Women","New London","CT","/teams/events/Eventteam/?TeamId=XiICPAxng6nfWTG9Ou7X3JJOwyi9vZQYik5qOF1%2bIkg%3d",227,"Connecticut College",314,"Division III","Metro East","Eastern Metro East DIII",3,9,69,0.00745040741078357
"235","Brandeis (Banshee)","College","Women","Waltham","MA","/teams/events/Eventteam/?TeamId=Mjn5%2bmxZxdJOG9N4888HYK6N5I7ZdubGIxCN9i8O0sI%3d",179,"Brandeis",630,"Division III","New England","Metro Boston DIII",11,10,25,0.00718223127839501
"236","Northern Michigan (Aurora)","College","Women","Marquette","MI","/teams/events/Eventteam/?TeamId=KIbHnBIStUot29ieBksDYftDIExzU86eHJH%2bELopO7Q%3d",218,"Northern Michigan",351,"Division I","North Central","Lake Superior DI",2,7,184,0.00708771370258766
"237","Knox (Mary Todd)","College","Women","Galesburg","IL","/teams/events/Eventteam/?TeamId=FvFhmFUke3g27%2f9QC6OuHGnymwTtWoKPanMa4Sf1SuY%3d",244,"Knox",196,"Division III","Great Lakes","Great Lakes DIII",7,13,136,0.0070605057305933
"238","Wisconsin-B (Atropa)","College","Women","Madison","WI","/teams/events/Eventteam/?TeamId=dBg3WYAosXbBcHXWd1MsvvuzY6XhuUoUpvPloDyI3%2f8%3d",231,"Wisconsin B",289,"Developmental","North Central","Lake Superior DI",7,17,306,0.00666635032256698
"239","Arizona-B (Sirens)","College","Women","Tucson","AZ","/teams/events/Eventteam/?TeamId=Zb7DM7dFyqfcGQxTCLni6E0WL0nZb3ei9%2bGNg%2fmXIUc%3d",271,"Arizona B",-124,"Developmental","Southwest","Southwest Dev",1,10,10,0.00666431056027625
"240","Maine (Boy Named Sue)","College","Women","Orono","ME","/teams/events/Eventteam/?TeamId=lKq3eI7srkIRRLP7aX%2fPPYt6OxIsXXXY13Db2A3Gu6E%3d",162,"Maine",724,"Division I","New England","Greater New England DI",1,4,145,0.00661113526156249
"241","Salisbury (Flash)","College","Women","Salisbury","MD","/teams/events/Eventteam/?TeamId=tRb0Esip%2bZY2O1ZNHmwIRnEZ%2biWZRUjoFdMThNzUHQg%3d",233,"Salisbury",281,"Division I","Atlantic Coast","Colonial DI",8,20,227,0.00637987802920192
"242","Pittsburgh-B (High Voltage)","College","Women","Pittsburgh","PA","/teams/events/Eventteam/?TeamId=65VtgXMDsikvKe0F1dzrRnHX9FpycrCD1hTJwXUvIUU%3d",209,"Pittsburgh B",447,"Division I","Ohio Valley","Pennsylvania DI",6,12,208,0.00607316762380634
"243","Washington University-B (Washington University (Locamotive))","College","Women","St.Louis","MO","/teams/events/Eventteam/?TeamId=jnhBifDdgm9b4q61VhtC99%2bmn4%2bN%2b8e9BwKaoDDP410%3d",236,"Washington University B",249,"Developmental","South Central","Ozarks DI",5,14,290,0.00565870288172104
"244","Xavier (Ignition)","College","Women","Cincinnati","OH","/teams/events/Eventteam/?TeamId=ikT3FmTJIuyxQ%2b5yoFzXK56PJ%2f3qOkgc8a45yELWs%2f0%3d",NA,NA,NA,NA,NA,NA,4,9,316,0.00553509978290658
"245","Boston College -B (Boston College B)","College","Women","Chestnut Hill","MA","/teams/events/Eventteam/?TeamId=thGnlO0ymjOyL4ANrnsfekkRR7Pg3GYBGcUoVgLurss%3d",NA,NA,NA,NA,NA,NA,3,2,21,0.00529745342233617
"246","SUNY-Albany (Deception)","College","Women","Albany","NY","/teams/events/Eventteam/?TeamId=onpxk7favlKwNABcAd7ANYyj4fKFKqbGeAigbUq%2fwv4%3d",196,"SUNY-Albany",539,"Division I","Metro East","Eastern Metro East DI",8,5,244,0.00516208352668511
"247","Worcester Polytechnic Institute (Double Shot)","College","Women","Worcester","MA","/teams/events/Eventteam/?TeamId=kMm3IN6e0khNZe5tJhWb8sIBwRJVIRoI2YSENIj%2bvIc%3d",200,"Worcester Polytechnic Institute",526,"Division III","New England","South New England DIII",4,7,315,0.00462149350409884
"248","Harding (Skybisons)","College","Women","Searcy","AR","/teams/events/Eventteam/?TeamId=TDPgKMwy%2fEPqG0fl7%2bbnlKOPqvMjxZUXA1qx6eHeIB8%3d",228,"Harding",306,"Division III","South Central","South Central DIII",3,10,112,0.00458138989494771
"249","Miami (Ohio) (Pac Attack)","College","Women","Oxford","OH","/teams/events/Eventteam/?TeamId=DPUTWk0gf1kDcZdj%2fAdkdowbJPYY77UvO%2bYh2d5qypU%3d",259,"Miami (Ohio)",35,"Division I","Ohio Valley","Ohio DI",4,14,153,0.00439928721646466
"250","Vermont-B (Vermont B)","College","Women","Burlington","VT","/teams/events/Eventteam/?TeamId=msR6whur8mvBiqro%2foxyEqhKxfRaUmTseWoSgLLJLuc%3d",235,"Vermont B",249,"Developmental","New England","New England Dev",11,10,280,0.00431322776130763
"251","Northwestern-B (GungHo B )","College","Women","Evanston","IL","/teams/events/Eventteam/?TeamId=qqo%2fcHQP502rN6r4xRJrLVBUEnw4Lr1RsAo1iUkDByU%3d",250,"Northwestern B",151,"Developmental","Great Lakes","Illinois DI",4,15,185,0.00425539908609395
"252","Ithaca (Kweezy)","College","Women","Ithaca","NY","/teams/events/Eventteam/?TeamId=2o84ZV%2fk%2fR0G2EyS6n2tB2fmq%2bwETziQ%2bXPlkBUdj54%3d",239,"Ithaca",219,"Division III","Metro East","Western NY DIII",6,21,126,0.00411213473851016
"253","Cornell-B (Thorny Roses)","College","Women","Ithaca","NY","/teams/events/Eventteam/?TeamId=yxyKbJxa%2bzwelMh4qUj%2f0kQVTEArJ4YznmGdYJAz20Y%3d",269,"Cornell B",-57,"Developmental","Metro East","Western NY DI",5,21,70,0.00394998548980078
"254","Kansas-B (Betty Ultimate B)","College","Women","Lawrence","KS","/teams/events/Eventteam/?TeamId=5w4XAjYw%2fX0sy2o0w8I4Yke%2fejVW7APFxZqCVwE0x0c%3d",258,"Kansas B",38,"Division I","South Central","Ozarks DI",2,17,131,0.00392013930311364
"255","Davidson (DUFF Women)","College","Women","Davidson","NC","/teams/events/Eventteam/?TeamId=cI5Fkaw3Pj%2bnNQgx9zkeVB43de5xBjkIwh54hScjPJ4%3d",265,"Davidson",-38,"Division III","Atlantic Coast","Atlantic Coast DIII",3,14,74,0.00376877809749335
"256","SUNY Cortland (SUNY Cortland)","College","Women","Cortland","NY","/teams/events/Eventteam/?TeamId=pYBTt4ooeMNhHwdtS37vB6vtAYV0BOPWApRJU2bXrn4%3d",281,"SUNY Cortland",-187,"Division III","Metro East","Western NY DIII",2,22,251,0.00345585740002189
"257","SUNY-Fredonia (Turtlicious Turtles)","College","Women","Fredonia","NY","/teams/events/Eventteam/?TeamId=afzI9NB03X6CtvoWW%2fnsgivy9E41l4vUcYhNX%2f5jj7o%3d",222,"SUNY-Fredonia",336,"Division III","Metro East","Western NY DIII",6,7,247,0.00339213018212341
"258","Wisconsin-La Crosse -B (Biddasweet)","College","Women","La Crosse","WI","/teams/events/Eventteam/?TeamId=IvDmeTgfpDYGU%2bkfd1FiDh20cFkM9unjWYPaTV5VWc4%3d",264,"Wisconsin-La Crosse  B",-19,"Developmental","North Central","Lake Superior DI",1,9,308,0.00326881764109594
"259","Reed (Reed Ruckus)","College","Women","Portland","OR","/teams/events/Eventteam/?TeamId=pzloBRks4OqLD17NDQlkJ9wZca5uaC5Ts2ZhM7lEr5E%3d",NA,NA,NA,NA,NA,NA,0,6,216,0.00318589818421589
"260","Yale (Ramona)","College","Women","New Haven","CT","/teams/events/Eventteam/?TeamId=XRi%2bNRnXBFFhgihedn%2bLQinxQavRAyapGMG16DsPkfE%3d",193,"Yale",555,"Division I","Metro East","Eastern Metro East DI",3,10,317,0.00306572474369423
"261","Ohio State-B (Fever-B)","College","Women","Columbus","OH","/teams/events/Eventteam/?TeamId=Zi8NZiBjK9noHZqwVLlc8Ve6DUXZL5oADFjS377yTbM%3d",252,"Ohio State B",123,"Developmental","Ohio Valley","Ohio DI",11,13,195,0.00299044460944107
"262","Syracuse (Fox Force Seven)","College","Women","Syracuse","NY","/teams/events/Eventteam/?TeamId=iYFS3lttFjJjBubnZ1FUFcdBFGhNOM7chpR%2be%2bl2f6U%3d",256,"Syracuse",55,"Division I","Metro East","Western NY DI",3,12,253,0.00297275185166049
"263","Wooster-B (Wooster B)","College","Women","Wooster","OH","/teams/events/Eventteam/?TeamId=QzmMldMdsOmrNMC7N2dkQ%2bLoY%2fPGJwa26Ei2mlmhhDg%3d",284,"Wooster B",-255,"Developmental","Ohio Valley","Ohio DIII",4,14,313,0.00296745871862239
"264","Maryland-Baltimore County (Shazam!)","College","Women","Baltimore","MD","/teams/events/Eventteam/?TeamId=vpSfJ8BpGm5waWX6ANQX%2bZaCA4EViwOkr72XkUzKCK8%3d",212,"Maryland-Baltimore County",430,"Division I","Atlantic Coast","Colonial DI",3,10,149,0.00294659279246717
"265","Stonehill (Stonehill College Women's Ultimate)","College","Women","Easton","MA","/teams/events/Eventteam/?TeamId=XEkuVOKuS%2fvqxaltKyOWpKr5HCB92vp6GG3Kon0E8wI%3d",120,"Stonehill",941,"Division III","New England","Metro Boston DIII",2,5,243,0.00288902692211461
"266","Belmont (URSA)","College","Women","Nashville","TN","/teams/events/Eventteam/?TeamId=fmvlqzEpocOwqRuaA3ThceIs4es4C%2fhhuQbEh2zCMwg%3d",232,"Belmont",282,"Division III","Southeast","Gulf Coast DI",2,4,18,0.00280478170485695
"267","Michigan-B (BFLY)","College","Women","Ann Arbor","MI","/teams/events/Eventteam/?TeamId=9%2fqgUr70RkKvYk7ehhJwT8rIbVm9Q7L5Ve4QgRi2MHQ%3d",242,"Michigan B",206,"Developmental","Great Lakes","Eastern Great Lakes DI",6,21,155,0.00270933411399597
"268","Connecticut-B (UConn Huskies B Team)","College","Women","Storrs","CT","/teams/events/Eventteam/?TeamId=eKNW0BDr3B1D8U%2bRyS%2f3x4uWbg5XJrw1FQCpgcBGNZ4%3d",251,"Connecticut B",146,"Developmental","Metro East","Eastern Metro East DI",3,9,67,0.00245904139902505
"269","Pennsylvania-B (Venus)","College","Women","Philadelphia","PA","/teams/events/Eventteam/?TeamId=vFt8lIl%2fQDXmgswT%2bITnqSTZD51jdKJyaVxruYaLQ7E%3d",NA,NA,NA,NA,NA,NA,10,9,205,0.00236656357606212
"270","Cal Poly-SLO-B (SLO Motion B)","College","Women","San Luis Obispo","CA","/teams/events/Eventteam/?TeamId=Ub3bz4f25EDFr5sTSW%2f7OzFApEMGv0mbbOChB70vHTg%3d",289,"Cal Poly-SLO B",-334,"Developmental","Southwest","Southwest Dev",0,6,30,0.00231208522915971
"271","Fordham  (Fordham Ultimate)","College","Women","Bronx","NY","/teams/events/Eventteam/?TeamId=68Z0R9gVxBhpgnvivut3yQINH3sOuf%2bXJsNyE%2b5iMjQ%3d",NA,NA,NA,NA,NA,NA,0,6,94,0.0022480978016983
"272","Kenyon (Ransom)","College","Women","Gambier","OH","/teams/events/Eventteam/?TeamId=cvoGMkdfwg35e9id794HNyHDA0EhgCFnSYe30vvFe2A%3d",230,"Kenyon",292,"Division III","Ohio Valley","Ohio DIII",3,4,135,0.00216427754576049
"273","Toledo (Flying Vs)","College","Women","Toledo","OH","/teams/events/Eventteam/?TeamId=QOpCwW4lrLllqyTWV82K5Ag%2fz4zHD6eRUZFCiGbEF8w%3d",220,"Toledo",340,"Division I","Ohio Valley","Ohio DI",4,9,264,0.00209886260654904
"274","Hartford (Hartford Biddies)","College","Women","Hartford","CT","/teams/events/Eventteam/?TeamId=V3NmbLSNxxow55zRen6WawNf4q%2bDtMR9zkhAknacZFc%3d",268,"Hartford",-51,"Division III","Metro East","Eastern Metro East DIII",0,6,113,0.00196423910108736
"275","Shippensburg (Bellewethers)","College","Women","Shippensburg","PA","/teams/events/Eventteam/?TeamId=za%2buCtQzC0l73submoTKJ2tRSJbbW8yv7bIp9ilPnjo%3d",266,"Shippensburg",-41,"Division III","Ohio Valley","Pennsylvania DIII",2,7,231,0.00193901909552258
"276","Goucher (All You Can Eat)","College","Women","Baltimore","MD","/teams/events/Eventteam/?TeamId=g9BiODFA6TXDKW4cIs9YsQ2WxDIV3L6Y7L%2f5kEMF00c%3d",249,"Goucher",155,"Division III","Atlantic Coast","Atlantic Coast DIII",6,12,108,0.00188011454567477
"277","Virginia-B (Virginia)","College","Women","Charlottesville","VA","/teams/events/Eventteam/?TeamId=%2fGr7S5nSrDv%2fxx2E1oI1WK2zzzHfFDX%2bDwsMWDdsRG4%3d",246,"Virginia B",185,"Developmental","Atlantic Coast","Atlantic Coast Dev",5,25,283,0.00179447445030503
"278","Towson-B (Hammertime B)","College","Women","Towson","MD","/teams/events/Eventteam/?TeamId=smT9U%2bsTba0B1Z8svgpoD7LG%2fPRfTSuf5LHBD%2bTSLu0%3d",279,"Towson B",-167,"Developmental","Atlantic Coast","Atlantic Coast Dev",7,18,266,0.00172369854210444
"279","Princeton-B (Stopwatch)","College","Women","Princeton","NJ","/teams/events/Eventteam/?TeamId=VScXJ0NJQVwrLXHihkdihtGyxZDLfoQhja1ZdECLsp8%3d",286,"Princeton B",-306,"Developmental","Metro East","Eastern Metro East DI",0,16,212,0.00129422099234313
"280","George Washington-B (G Dub Hippos B)","College","Women","Washington","DC","/teams/events/Eventteam/?TeamId=udygJVQ7F7Ey0d3mPXrPYuR3yXkZXMO8%2fYDsDBsgzj8%3d",273,"George Washington B",-135,"Developmental","Atlantic Coast","Atlantic Coast Dev",3,13,97,0.00120956856671928
"281","Georgetown-B (Georgetown B- Biddin' Foyas)","College","Women","Washington","DC","/teams/events/Eventteam/?TeamId=k5dnayFnMwAhJXnFD37jgKgfetGgaMlJr2UPI%2fZeXzs%3d",243,"Georgetown B",198,"Developmental","Atlantic Coast","Atlantic Coast Dev",9,10,99,0.000998382281452601
"282","Smith (Luna Disc (2016-2017))","College","Women","Northampton","MA","/teams/events/Eventteam/?TeamId=RfFjuXlMVU6b8ZKGu3Z3KLwhNvpx%2bGh1tRiqAEyOW0Q%3d",224,"Smith",330,"Division III","New England","South New England DIII",3,10,233,0.00092293836585583
"283","Florida-B (Diesel)","College","Women","Gainesville","FL","/teams/events/Eventteam/?TeamId=NsI0Bmpu3X%2bnJVGYOcDZql0syHB5qcIC%2fVydMz%2f6NRI%3d",260,"Florida B",14,"Developmental","Southeast","Florida DI",1,29,90,0.000888650948334052
"284","Colgate (The Vibe)","College","Women","Hamilton","NY","/teams/events/Eventteam/?TeamId=9rsL%2f59xn4LlAdO6sLFBq332KTPmX2%2fnVJqDuSFywE4%3d",267,"Colgate",-48,"Division III","Metro East","Western NY DIII",2,10,59,0.000873180659184609
"285","Rowan (RUF Riders)","College","Women","Glassboro","NJ","/teams/events/Eventteam/?TeamId=bepFPXqKLoLuIsMSj7XtkLY7UQzYI82BaPSTTH4UAXg%3d",NA,NA,NA,NA,NA,NA,1,6,223,0.000857932210190905
"286","Brown-B (Cosmic Rays)","College","Women","Providence","RI","/teams/events/Eventteam/?TeamId=YxOREjumPfZejpJWHX%2fGSo%2fOxqVM%2bmXw5%2bdUoDDBVTw%3d",285,"Brown B",-287,"Developmental","New England","New England Dev",3,9,28,0.000757890791381585
"287","Colby (Dazzlin' Assettes)","College","Women","Waterville","ME","/teams/events/Eventteam/?TeamId=fI5VNZIVm5tY%2b0cXSIYF76YD%2bJQm72i6jwI9P9AAexI%3d",NA,NA,NA,NA,NA,NA,0,2,58,0.000733795388068844
"288","Notre Dame-B (Oh Baby!)","College","Women","Notre Dame","IN","/teams/events/Eventteam/?TeamId=yHzfK4sBlVyzfdmuNQlI%2bXeT5FsqyFepKNh23oVrEmY%3d",261,"Notre Dame B",11,"Developmental","Great Lakes","Eastern Great Lakes DI",5,15,187,0.000683218488258794
"289","Wellesley-B (Whiptails)","College","Women","Wellesley","MA","/teams/events/Eventteam/?TeamId=ITPUxE1g%2fDIeESis5S%2btSb5JNbfb71NEuFPMWlp3DA8%3d",275,"Wellesley B",-157,"Developmental","New England","New England Dev",4,8,292,0.000678043296937459
"290","Washington-B (Big Bang)","College","Women","Seattle","WA","/teams/events/Eventteam/?TeamId=cG%2fuD%2fcSSu0hZ6r3jkhslaOzkWslwpZYlIkIw%2bL7kPk%3d",NA,NA,NA,NA,NA,NA,1,5,288,0.000630064121993673
"291","Central Michigan (Shark Bait)","College","Women","Mt. Pleasent","MI","/teams/events/Eventteam/?TeamId=%2b9OybZZ16jq%2fz5EqCcbfPTTc13atGG4jqLFn7%2fgXvyY%3d",248,"Central Michigan",156,"Division I","Great Lakes","Eastern Great Lakes DI",5,9,48,0.000624331853524936
"292","Bentley (Salt n Peppa)","College","Women","Waltham","MA","/teams/events/Eventteam/?TeamId=eLVk5BVsK0rJLYOkuNnqc2J3gtlRk0S4vlaaoQelPLk%3d",237,"Bentley",236,"Division III","New England","Metro Boston DIII",3,5,19,0.00056274187027512
"293","Eastern Michigan (Raging Peacocks)","College","Women","Ypsilanti","MI","/teams/events/Eventteam/?TeamId=B2zuzi7QOiTGYOVx13VplPhaeScIXHQE4Ej3YVNK0hY%3d",NA,NA,NA,NA,NA,NA,0,7,85,0.000545601958665536
"294","American-B (Dirty Ladies)","College","Women","Washington","DC","/teams/events/Eventteam/?TeamId=iDy97xdthNgrpUx6AGPcf%2b2fJQaQDLCI%2fPxIBr9tNZM%3d",287,"American B",-316,"Developmental","Atlantic Coast","Atlantic Coast Dev",3,21,5,0.000492817234545281
"295","Amherst-B (Darko)","College","Women","Amherst","MA","/teams/events/Eventteam/?TeamId=K%2b0pNRW0acs5bjF6CjxVqngDZZfUTTAYgzsIO3ux0%2fg%3d",278,"Amherst B",-166,"Developmental","New England","South New England DIII",2,3,7,0.00044525787082
"296","Florida State-B (Seminole Ladies B)","College","Women","Tallahassee","FL","/teams/events/Eventteam/?TeamId=jx%2fjwflDW5VPbwXiBgCgntByh%2fvy%2blSmIuJtx%2br1oiQ%3d",254,"Florida State B",109,"Developmental","Southeast","Florida DI",3,14,92,0.000326876023959893
"297","Rhode Island-B (Disky)","College","Women","KINGSTON","RI","/teams/events/Eventteam/?TeamId=WsRIhXLa26lGwDt2EBYDMWZRco8X7ZFgasCME5FwUa8%3d",292,"Rhode Island B",-827,"Developmental","New England","New England Dev",0,6,218,0.000294472975950732
"298","Emory-B (Emory B)","College","Women","Atlanta","GA","/teams/events/Eventteam/?TeamId=%2f7J6RNDclgHvxhYstpezhBPMoK32Bt6BMCV2z1iSFC4%3d",277,"Emory B",-160,"Developmental","Southeast","Southern Appalachian DI",2,10,88,0.000280691958070569
"299","Saint Joseph's (SJU Dirty Doves)","College","Women","Philadelphia","PA","/teams/events/Eventteam/?TeamId=7yNT5liqj2TE7D%2b86GaBgtYXj51CVLPB7i7TFjjcYyg%3d",NA,NA,NA,NA,NA,NA,0,6,225,0.000268371186660438
"300","Lawrence (VICI)","College","Women","Appleton","WI","/teams/events/Eventteam/?TeamId=AHEXZpqPhQv0D2DEB2I0rqDGoaILbRQvSryboK%2bLcCA%3d",NA,NA,NA,NA,NA,NA,0,4,137,0.000233093813876476
"301","Philadelphia (Disk Whisperers)","College","Women","Philadelphia","PA","/teams/events/Eventteam/?TeamId=7OwpGUUGPPs32zrBWGNMBAX3Fe2rZFy9uMn7nFLlOJI%3d",280,"Philadelphia",-175,"Division III","Ohio Valley","Pennsylvania DIII",5,7,207,0.000229100012659734
"302","Christopher Newport (Airbenders)","College","Women","Newport News","VA","/teams/events/Eventteam/?TeamId=CUEtx5yPxgxzKdUuRBLTH%2fOzgphLt6TTfOcb%2bGJ4UpY%3d",NA,NA,NA,NA,NA,NA,1,3,52,0.000207294058194708
"303","Southern Indiana (Anomaly)","College","Women","Evasnville","IN","/teams/events/Eventteam/?TeamId=ir7MWkWJIToNeyvIrEqdahUBvVFB0BaK1GKzWDy3OJ8%3d",272,"Southern Indiana",-131,"Division I","Great Lakes","Eastern Great Lakes DI",3,16,238,0.000205974955374946
"304","Cleveland State (Valkyries)","College","Women","Cleveland","OH","/teams/events/Eventteam/?TeamId=FrmbKCS13t3kk%2feW56ZYzyFokew%2fxgweJpw8p9RpZ%2bY%3d",NA,NA,NA,NA,NA,NA,2,2,57,0.000176151105341958
"305","Western Washington-B (Nyx)","College","Women","Bellingham","WA","/teams/events/Eventteam/?TeamId=o%2briYrRZUfFOLK5zAndbuE7zvl%2fRBftO1tODGmxts40%3d",NA,NA,NA,NA,NA,NA,1,4,298,0.000175017811664909
"306","Franklin & Marshall (Blue Moon)","College","Women","Lancaster","PA","/teams/events/Eventteam/?TeamId=uodiv86ZX9s%2bHSL2%2fhU%2f%2bxwMca5tXn%2fK5Yk%2fRuxvPuA%3d",NA,NA,NA,NA,NA,NA,0,8,95,0.000162286705323864
"307","Haverford-B (Sneetches B)","College","Women","Haverford","PA","/teams/events/Eventteam/?TeamId=MHEKFEHlKtI%2fz1przE6CwUe6Df6mVz9dqOy5igPhzNQ%3d",270,"Haverford B",-92,"Division III","Ohio Valley","Pennsylvania DIII",1,5,116,0.000111955483187811
"308","St Mary's (Maryland) (SMUT)","College","Women","St. Mary's City","MD","/teams/events/Eventteam/?TeamId=eJWxnZPlxS9DYPW45QWzvI%2f5%2b%2bBayY04TOJ%2bpuP4YNw%3d",288,"St Mary's (Maryland)",-323,"Division III","Atlantic Coast","Atlantic Coast DIII",2,10,240,9.66729002140149e-05
"309","Columbia-B (Columbia B)","College","Women","New York","NY","/teams/events/Eventteam/?TeamId=1MPllM63%2b%2b5MgWrZsuQIutvSszNPXKGNk8PvrnNzkpE%3d",283,"Columbia B",-208,"Division I","Metro East","Eastern Metro East DI",2,14,65,6.84096729022066e-05
"310","Kalamazoo (Queen Beez Ultimate)","College","Women","Kalamazoo","MI","/teams/events/Eventteam/?TeamId=T8gqThvovOnWFKbtBsGNkHlAL%2bBpfWvXjcQwqx9Iygs%3d",274,"Kalamazoo",-142,"Division III","Great Lakes","Great Lakes DIII",2,4,130,5.18742112543998e-05
"311","Olivet Nazarene (Lady Penguins)","College","Women","Bourbonnais","IL","/teams/events/Eventteam/?TeamId=ABkvmqJyDYHMIeFiPTVETYHyKEp94qaWAylrRUAL308%3d",291,"Olivet Nazarene",-606,"Division III","Great Lakes","Great Lakes DIII",0,11,199,3.53070526906334e-05
"312","Johns Hopkins (Blue Footed Boobies )","College","Women","Baltimore","MD","/teams/events/Eventteam/?TeamId=4z%2bljrCWkK7Nfk53xK72QoyH%2bki23XUn8DR6ipORMMk%3d",NA,NA,NA,NA,NA,NA,0,7,129,3.05465564423572e-05
"313","Union (Tennessee) (Union Jillz)","College","Women","Jackson","TN","/teams/events/Eventteam/?TeamId=kqjUBl8Inl%2fZcR7k6XrBzUiE%2fx6SnoQ7d7Jx%2fbryxf8%3d",290,"Union (Tennessee)",-435,"Division III","Southeast","Southeast DIII",1,5,275,1.41346934896086e-05
"314","Clark (Joan of Clark)","College","Women","Worcester","MA","/teams/events/Eventteam/?TeamId=RVCi8gVzhqdIzp8BOpJK2RXP6QXW6kiqlZjQxp05Jg0%3d",276,"Clark",-158,"Division III","New England","South New England DIII",0,6,55,5.99959934467495e-06
"315","Bates B (Coldfront B)","College","Women","Lewiston","ME","/teams/events/Eventteam/?TeamId=xwijudkk%2bOdzlyo9i4CKeukOEmFh9uB1iVjD%2fBUlmUY%3d",NA,NA,NA,NA,NA,NA,0,2,16,0
"316","New Mexico (Bombshells)","College","Women","Albuquerque","NM","/teams/events/Eventteam/?TeamId=nr%2bgELvcAYmhV6EAVZKyx5U2iTxCQDk%2b9NeLZte4etU%3d",NA,NA,NA,NA,NA,NA,0,2,173,0
"317","Oberlin-B (Preying Manti B)","College","Women","Oberlin","OH","/teams/events/Eventteam/?TeamId=UTEygMd%2fgirRoeD0VwqCRLAkPObqll2LDrbxi1MulaM%3d",293,"Oberlin B",-837,"Division III","Ohio Valley","Ohio DIII",0,12,190,0
